0.000000000000000000e+00,0.000000000000000000e+00,7.872859676767527404e-01,1.000000000000000000e+00,0.000000000000000000e+00,0.000000000000000000e+00,0.000000000000000000e+00,-1.199999999999999956e-01,0.000000000000000000e+00,0.000000000000000000e+00,2.399999999999999911e-01,-1.199999999999999956e-01,0.000000000000000000e+00,-1.199999999999999956e-01,0.000000000000000000e+00,0.000000000000000000e+00,2.399999999999999911e-01,-1.199999999999999956e-01,0.000000000000000000e+00,0.000000000000000000e+00,0.000000000000000000e+00,0.000000000000000000e+00,0.000000000000000000e+00,0.000000000000000000e+00,0.000000000000000000e+00,1.499999999999999944e-01,0.000000000000000000e+00,0.000000000000000000e+00,0.000000000000000000e+00,0.000000000000000000e+00,0.000000000000000000e+00,0.000000000000000000e+00,1.499999999999999944e-01,0.000000000000000000e+00,0.000000000000000000e+00,0.000000000000000000e+00
-2.428454536133766785e-06,5.589789143732605509e-07,7.872885693238222959e-01,1.000000000000000000e+00,0.000000000000000000e+00,0.000000000000000000e+00,0.000000000000000000e+00,-1.201396893181439496e-01,5.236594408864388839e-05,1.150450088739755668e-05,2.402912539573101025e-01,-1.201673338164506444e-01,-7.023240501241248416e-05,-1.199723956992690549e-01,-8.531211569356978316e-07,2.591404919904658114e-07,2.399332621426784884e-01,-1.199608572134080037e-01,8.915930125354777376e-07,-2.895418338681338244e-07,1.412107411995936775e-06,1.991293174050666028e-05,-9.744297275766935387e-06,-3.060189284216541040e-06,3.497026687255913290e-06,1.500087556721166615e-01,2.583727258207246219e-07,-2.179262419433075179e-05,6.680967237730379270e-07,-1.013952718016288866e-05,-2.688929272219160971e-06,-1.995157255310824697e-06,1.500079314519786877e-01,-5.262959244883866826e-07,-2.257359318188866451e-05,-5.495790537911681939e-07
-1.858218953539175823e-05,4.143767568636984995e-06,7.873055252396646830e-01,1.000000000000000000e+00,0.000000000000000000e+00,0.000000000000000000e+00,0.000000000000000000e+00,-1.210618880950163900e-01,3.980680944857249736e-04,8.700603839465704203e-05,2.422135966048231392e-01,-1.212714132970910963e-01,-5.337089818229767951e-04,-1.197927964221215807e-01,-6.324433337178629166e-06,1.919846601471454496e-06,2.394978661300174450e-01,-1.197050000059017988e-01,6.609287679322307329e-06,-2.076263625517200441e-06,1.053976241983018929e-05,1.510998658442106715e-04,-7.464209148822023305e-05,-2.289180251773482359e-05,2.670025020442997444e-05,1.500657571709638483e-01,1.811452990951160274e-06,-1.640337935072597707e-04,4.962114996515531436e-06,-7.750182539023465068e-05,-2.019601274049955070e-05,-1.518515486160868248e-05,1.500596941252622940e-01,-4.007062742254878021e-06,-1.702985872104801257e-04,-4.406025257566811017e-06
-6.053631949080711934e-05,1.245208968819470539e-05,7.873469273454345441e-01,1.000000000000000000e+00,0.000000000000000000e+00,0.000000000000000000e+00,0.000000000000000000e+00,-1.234044550190030454e-01,1.276365097264664213e-03,2.753529513152294748e-04,2.470932881653853386e-01,-1.240713119677127607e-01,-1.709887681864536184e-03,-1.193567032416723989e-01,-1.900614192799185458e-05,5.760452666112775004e-06,2.384315076891378449e-01,-1.190745846775044803e-01,1.985964291369101848e-05,-5.668736687595267891e-06,3.225266090571046447e-05,4.822469056119342156e-04,-2.437935495183175024e-04,-7.046516382918922546e-05,8.652512773471011367e-05,1.502044601671711777e-01,4.602331983964581260e-06,-5.129886321516441026e-04,1.498754027148870597e-05,-2.518173686405407192e-04,-6.282191489087304902e-05,-4.882678667727035986e-05,1.501866243533641343e-01,-1.289751476164629826e-05,-5.356756093321628481e-04,-1.593335282731689437e-05
-1.399815464760109684e-04,2.483065409997714881e-05,7.874163850908167950e-01,1.000000000000000000e+00,0.000000000000000000e+00,0.000000000000000000e+00,0.000000000000000000e+00,-1.276629436782819038e-01,2.874467230826344491e-03,6.054531477229570680e-04,2.559520001385031662e-01,-1.291450736232387375e-01,-3.845241358782692468e-03,-1.186344106055600145e-01,-3.790322223422150323e-05,1.145820997096181036e-05,2.366319378135237073e-01,-1.179970477156537245e-01,3.959710373630412030e-05,-8.952318279670158657e-06,6.669940474964170007e-05,1.076886578734361204e-03,-5.660956468346235899e-04,-1.473748762830961903e-04,1.983202935657121433e-04,1.504354298314560523e-01,5.709826325814445518e-06,-1.104467149476124222e-03,3.021112612933266850e-05,-5.797496912172153639e-04,-1.340464807452476171e-04,-1.104520434277540337e-04,1.504014324334052577e-01,-2.921953628074932667e-05,-1.165557437331007137e-03,-4.284073909749520459e-05
-2.689243156588458253e-04,3.778606819836001848e-05,7.875096590549001130e-01,1.000000000000000000e+00,0.000000000000000000e+00,0.000000000000000000e+00,0.000000000000000000e+00,-1.341934960464040982e-01,5.334316176768941903e-03,1.082559460692563607e-03,2.695101348312063938e-01,-1.368905999622622993e-01,-7.120751379953678580e-03,-1.176893862426186266e-01,-5.768356817948629871e-05,1.737880374156976801e-05,2.341936276850512533e-01,-1.165033947607598125e-01,6.024545499319808962e-05,-6.732311291213365365e-06,1.084248202248978935e-04,1.971630358209699573e-03,-1.093410014771030274e-03,-2.442235737113855913e-04,3.765787245886403618e-04,1.507414514211802004e-01,-1.409292657480719936e-06,-1.914379660704700276e-03,4.694278259870719830e-05,-1.107330009085345226e-03,-2.295976636893647550e-04,-2.059441625279798225e-04,1.506943190505242447e-01,-5.460895499405219768e-05,-2.053570051412397131e-03,-9.744796517911034493e-05
-4.585533061087558007e-04,4.578306268189764156e-05,7.876152992468430369e-01,1.000000000000000000e+00,0.000000000000000000e+00,0.000000000000000000e+00,0.000000000000000000e+00,-1.431957063119051188e-01,8.756642320226186091e-03,1.686416674297139002e-03,2.881534877785870696e-01,-1.475103458969126979e-01,-1.165718724907955847e-02,-1.166727088943269180e-01,-6.989064252900363213e-05,2.098006836729662523e-05,2.313997504942459371e-01,-1.147257472050483146e-01,7.297531977840025048e-05,8.398528481766925243e-06,1.478532320947057951e-04,3.174015223953343366e-03,-1.875339440252617521e-03,-3.434023816548845923e-04,6.337118780789307649e-04,1.510802514201334268e-01,-2.583856757112428052e-05,-2.864511890894199265e-03,5.927226148454867199e-05,-1.875759664114717493e-03,-3.394745511388216831e-04,-3.390543538938321907e-04,1.510341492954316578e-01,-9.020594764070479301e-05,-3.143538193367007710e-03,-1.950829298038897930e-04
-7.163028691420630489e-04,4.341362148520735834e-05,7.877175045555394606e-01,1.000000000000000000e+00,0.000000000000000000e+00,0.000000000000000000e+00,0.000000000000000000e+00,-1.546802389819904866e-01,1.320170489431273832e-02,2.372892809150716625e-03,3.118734477276884354e-01,-1.609855220995220215e-01,-1.751791260266610806e-02,-1.157888826234541729e-01,-6.625475596836294769e-05,1.982693475742810447e-05,2.286594360789345470e-01,-1.128687790677364855e-01,6.916706785395259683e-05,4.352612896531244486e-05,1.752867259222025864e-04,4.660787481633937163e-03,-2.945773208265499519e-03,-4.265261913268585873e-04,9.769508676011730633e-04,1.513958239497944225e-01,-7.619964544975392680e-05,-3.845178084978871473e-03,6.158727345605205115e-05,-2.910875352765227887e-03,-4.531246115296687620e-04,-5.104650587162425741e-04,1.513755195063479497e-01,-1.363376116910097399e-04,-4.345285417386971286e-03,-3.494535026090004833e-04
-1.041943510926237118e-03,2.800193320910087486e-05,7.878007786110052812e-01,1.000000000000000000e+00,0.000000000000000000e+00,0.000000000000000000e+00,0.000000000000000000e+00,-1.684401537312135710e-01,1.868803288536454929e-02,3.080037938318391615e-03,3.402185779636127116e-01,-1.770587456067729548e-01,-2.471062048289170837e-02,-1.152345827200116080e-01,-4.268099209150625500e-05,1.275095525474421932e-05,2.263908334236143238e-01,-1.111540223223270452e-01,4.456328195652384336e-05,1.022700688014226161e-04,1.857159341965551353e-04,6.378524386735145643e-03,-4.305306047199287077e-03,-4.835947437404146919e-04,1.404570738324533406e-03,1.516361544740854883e-01,-1.567966706424220021e-04,-4.750528393879804162e-03,5.136211695941794736e-05,-4.209142985366196542e-03,-5.653247946452460591e-04,-7.165283363038989217e-04,1.516713629679694864e-01,-1.924390214836430219e-04,-5.561602524358200648e-03,-5.668251131235129119e-04
-1.426568379866201448e-03,1.407117887852552453e-06,7.878534326120075759e-01,1.000000000000000000e+00,0.000000000000000000e+00,0.000000000000000000e+00,0.000000000000000000e+00,-1.840802471500263549e-01,2.519152840020934953e-02,3.737555084904698767e-03,3.723605935766154396e-01,-1.952734354063900279e-01,-3.318987820408161871e-02,-1.151506190218981596e-01,-2.015397770375454095e-06,6.120552186705930267e-07,2.249225306637989696e-01,-1.097693088757776547e-01,2.136969408482538180e-06,1.825143913457332118e-04,1.822144067839703732e-04,8.251739115961954571e-03,-5.916052202461257598e-03,-5.190152994091467306e-04,1.904893806859985460e-03,1.517665132253556703e-01,-2.654606271923215933e-04,-5.505052148378424860e-03,3.142734150281490730e-05,-5.734992198091871420e-03,-6.805608844893347225e-04,-9.497906761905728799e-04,1.518826538602074117e-01,-2.566723828889756775e-04,-6.708916490906778433e-03,-8.424200522079923524e-04
-1.854056776687235987e-03,-3.004335830370836544e-05,7.878694056201480667e-01,1.000000000000000000e+00,0.000000000000000000e+00,0.000000000000000000e+00,0.000000000000000000e+00,-2.010851303475105767e-01,3.264736012552855310e-02,4.277093728418165236e-03,4.072352745638797566e-01,-2.150494397573201322e-01,-4.286220664351358955e-02,-1.155956006953994808e-01,4.605533138609230572e-05,-1.375537639177661069e-05,2.244327750608341443e-01,-1.088343124343966739e-01,-4.801995328501306381e-05,2.763415124149070983e-04,1.758662443189837180e-04,1.019496846246140120e-02,-7.707770798947415243e-03,-5.514687185609747728e-04,2.458125005947016991e-03,1.517752977609940213e-01,-3.937901293052365847e-04,-6.075820381434102191e-03,9.928372322978787085e-06,-7.426975411729803619e-03,-8.128671595734821356e-04,-1.200319619733606269e-03,1.519845424085427554e-01,-3.260148644729991656e-04,-7.729917483048447807e-03,-1.160765814789087129e-03
-2.304968602400314648e-03,-5.707095319006767563e-05,7.878476837672845345e-01,1.000000000000000000e+00,0.000000000000000000e+00,0.000000000000000000e+00,0.000000000000000000e+00,-2.189106340287746422e-01,4.095468786142202750e-02,4.640472924257384689e-03,4.437256018497034438e-01,-2.357771879823446770e-01,-5.359309639197717967e-02,-1.165548428770274147e-01,8.733664895116811759e-05,-2.618538073050076357e-05,2.249553687665236945e-01,-1.083975329036062640e-01,-9.111578514591663612e-05,3.717684907861108301e-04,1.830118258829808596e-04,1.212617480999922219e-02,-9.594729631446675955e-03,-6.087174949382212052e-04,3.040548161628410431e-03,1.516703874676564867e-01,-5.295431308161578686e-04,-6.466309782170766469e-03,-1.252310729986168822e-06,-9.212667947907050500e-03,-9.824857524252941180e-04,-1.457931211281498140e-03,1.519659379405944588e-01,-3.963845767438801981e-04,-8.592602114827560186e-03,-1.499371567449677084e-03
-2.760353122977786920e-03,-6.947864363346649853e-05,7.877906767677472777e-01,1.000000000000000000e+00,0.000000000000000000e+00,0.000000000000000000e+00,0.000000000000000000e+00,-2.370550676755326935e-01,4.998297067289910606e-02,4.784640759952841702e-03,4.808027841959128246e-01,-2.568894872640869464e-01,-6.521465926667727175e-02,-1.179657150618908940e-01,1.062525186457786666e-04,-3.202125324723942642e-05,2.264207500875419221e-01,-1.084520327025088327e-01,-1.108950369565217065e-04,4.552057027253693529e-04,2.215247424237902127e-04,1.397621149429572815e-02,-1.149248918261433147e-02,-7.208085923599911104e-04,3.628649001326114416e-03,1.514714642213227658e-01,-6.595148212011327444e-04,-6.702343292033203538e-03,1.118849385338307250e-05,-1.102272132045634817e-02,-1.211269020683190898e-03,-1.713956296674918126e-03,1.518260546099158281e-01,-4.629727342470400927e-04,-9.283191306502302370e-03,-1.833371102158087634e-03
-3.204168957033734239e-03,-5.791817604678273240e-05,7.877026368159943948e-01,1.000000000000000000e+00,0.000000000000000000e+00,0.000000000000000000e+00,0.000000000000000000e+00,-2.550950692414778453e-01,5.957851295747326748e-02,4.683766465968359181e-03,5.175968332991870424e-01,-2.778979716836352254e-01,-7.753289385148744162e-02,-1.197428630697836976e-01,8.855956909312104732e-05,-2.685590232525625763e-05,2.287014435466905582e-01,-1.089556724673257787e-01,-9.245029881893540005e-05,5.136886050663265696e-04,3.075755740841696153e-04,1.569297126746505358e-02,-1.332886965012248376e-02,-9.143651864469949870e-04,4.201853820080623386e-03,1.512027914418153929e-01,-7.717829857071391124e-04,-6.818731029167573489e-03,5.977242645209908709e-05,-1.279937509360630846e-02,-1.518581942381807973e-03,-1.962050398578416704e-03,1.515707619553732510e-01,-5.207316260506700441e-04,-9.798874700827278975e-03,-2.139373277145476676e-03
-3.624215583253937410e-03,-1.512491908118942949e-05,7.875886006015833107e-01,1.000000000000000000e+00,0.000000000000000000e+00,0.000000000000000000e+00,0.000000000000000000e+00,-2.726922188010915127e-01,6.957064814767373317e-02,4.329420612649592139e-03,5.534099638572830271e-01,-2.984013763965935317e-01,-9.033434690637490161e-02,-1.217953678652461402e-01,2.323473477941160267e-05,-7.081804982957348161e-06,2.316453646538949307e-01,-1.098472647238382671e-01,-2.418729309435411250e-05,5.365214193108022072e-04,4.533844476140826076e-04,1.724149400096985571e-02,-1.504856614561803779e-02,-1.208829656473607052e-03,4.743781361377676781e-03,1.508883850572758645e-01,-8.570332512675628463e-04,-6.850328065265864907e-03,1.545077714168985566e-04,-1.449926991011714003e-02,-1.918336448690278161e-03,-2.198167030831256388e-03,1.512101315382122779e-01,-5.649413672487931274e-04,-1.014318389228226203e-02,-2.397992719716365330e-03
-4.012086106582038979e-03,6.335712462960972960e-05,7.874538511755775350e-01,1.000000000000000000e+00,0.000000000000000000e+00,0.000000000000000000e+00,0.000000000000000000e+00,-2.895839597559678458e-01,7.977749854434446064e-02,3.729610333705106907e-03,5.876997204439505795e-01,-3.180790051656590678e-01,-1.033923607971983932e-01,-1.240355812555309772e-01,-9.642826811000192470e-05,2.973899110207134592e-05,2.350947257406582613e-01,-1.110566498129507279e-01,1.010196049614060868e-04,5.163252826074096833e-04,6.659249980001977036e-04,1.860204082472678364e-02,-1.661349911390591974e-02,-1.614478469369488075e-03,5.242482620612426598e-03,1.505495367440246590e-01,-9.091404274361301234e-04,-6.827484760137838941e-03,3.017053380226231694e-04,-1.609263796427264429e-02,-2.417177014901587297e-03,-2.420085026902877266e-03,1.507572157146579439e-01,-5.917527010959067755e-04,-1.032403490262818503e-02,-2.595228624437985899e-03
-4.362668225538067490e-03,1.788193251446302515e-04,7.873036959485846253e-01,1.000000000000000000e+00,0.000000000000000000e+00,0.000000000000000000e+00,0.000000000000000000e+00,-3.055693106883978771e-01,9.001151163255653731e-02,2.907073392107166650e-03,6.200521263796581195e-01,-3.366791978975312016e-01,-1.164732366538140246e-01,-1.263827071120279255e-01,-2.722943498381468061e-04,8.463653369577661244e-05,2.388952967588688359e-01,-1.125103785557569486e-01,2.852569355572504928e-04,4.496253329480343693e-04,9.463093619105411363e-04,1.976749304770434104e-02,-1.800110598770148645e-02,-2.131651302256296846e-03,5.690177968364449647e-03,1.502038451172029443e-01,-9.252949455412444848e-04,-6.774301550437455965e-03,5.032602869161423775e-04,-1.756092679272822435e-02,-3.013544887537994866e-03,-2.626799255752094390e-03,1.502275779028931779e-01,-5.986391776632406583e-04,-1.035334099399578059e-02,-2.723078355204142011e-03
-4.673518428858189182e-03,3.293536694751369510e-04,7.871433999240650126e-01,1.000000000000000000e+00,0.000000000000000000e+00,0.000000000000000000e+00,0.000000000000000000e+00,-3.204952077474228500e-01,1.000848455872972442e-01,1.897042859175788500e-03,6.501559433699228840e-01,-3.540080479875110653e-01,-1.293424245733462152e-01,-1.287636453570146222e-01,-5.013562130179748978e-04,1.571254521197485517e-04,2.429002798092088911e-01,-1.141347434938955879e-01,5.255113583120542796e-04,3.370242341144008297e-04,1.289769961610799306e-03,2.074080837885095008e-02,-1.920190091024850942e-02,-2.750954459407390935e-03,6.082773031868063396e-03,1.498651256146754929e-01,-9.058359557424284668e-04,-6.708529404917291938e-03,7.564116940526909895e-04,-1.889412872194043067e-02,-3.697573429077428107e-03,-2.817981184166424517e-03,1.496390611774361112e-01,-5.846889355131315710e-04,-1.024719378068949562e-02,-2.779567934632721192e-03
-4.944254251713109047e-03,5.100750590959974348e-04,7.869781596741657337e-01,1.000000000000000000e+00,0.000000000000000000e+00,0.000000000000000000e+00,0.000000000000000000e+00,-3.342454859242047216e-01,1.098146872463673929e-01,7.445867506002153266e-04,6.777816218597261244e-01,-3.699199712636322968e-01,-1.417708358993859108e-01,-1.311128604553169208e-01,-7.760945915277769154e-04,2.452188351077220249e-04,2.469720536425031310e-01,-1.158576535830815185e-01,8.140173867366223229e-04,1.830258673091584827e-04,1.686112992398945383e-03,2.153270036653675418e-02,-2.021691314963201466e-02,-3.454198002772388559e-03,6.419297881656714673e-03,1.495437285430711305e-01,-8.538971496227686564e-04,-6.642231786919443846e-03,1.053924072163565408e-03,-2.008836676722942569e-02,-4.451679365965905202e-03,-2.993568076752907252e-03,1.490115024267371635e-01,-5.507206760185150238e-04,-1.002595900506747517e-02,-2.768351958712159631e-03
-5.176016578066796985e-03,7.135713647289716093e-04,7.868130603668239686e-01,1.000000000000000000e+00,0.000000000000000000e+00,0.000000000000000000e+00,0.000000000000000000e+00,-3.467329488615670807e-01,1.190285020375650843e-01,-4.983935915364701673e-04,7.027655959064418312e-01,-3.843103773543509183e-01,-1.535412681990054318e-01,-1.333721375449310742e-01,-1.085180902184087678e-03,3.455672223901247279e-04,2.509834465913096668e-01,-1.176101483852878549e-01,1.138968399734740936e-03,-4.458408516777135293e-06,2.120588136306984870e-03,2.215954738423323023e-02,-2.105522704412895324e-02,-4.215956840479552145e-03,6.701320478188040573e-03,1.492470221414359255e-01,-7.749114096680116259e-04,-6.582759453297409684e-03,1.384662438275657565e-03,-2.114393516475463961e-02,-5.251790367308194381e-03,-3.153496834067242779e-03,1.483662300332240780e-01,-4.992164771338411435e-04,-9.713943515814107629e-03,-2.697948961477941894e-03
-5.370995306623410626e-03,9.305468835952750498e-04,7.866530690770275891e-01,1.000000000000000000e+00,0.000000000000000000e+00,0.000000000000000000e+00,0.000000000000000000e+00,-3.578939884462674637e-01,1.275691916254089453e-01,-1.776379423074877671e-03,7.249987638245612986e-01,-3.971098775722213259e-01,-1.644549003641476159e-01,-1.354896459642057349e-01,-1.414467370261341750e-03,4.537186256709285683e-04,2.548173312494385612e-01,-1.193269263737249120e-01,1.485537664993685650e-03,-2.148546965403094256e-04,2.575091828678074783e-03,2.264174661026441271e-02,-2.173162082692992741e-02,-5.005666954033901987e-03,6.932329309013551821e-03,1.489800582252659433e-01,-6.759670093775347471e-04,-6.534270658187797676e-03,1.734498422887553216e-03,-2.206372647495994863e-02,-6.069111295003907017e-03,-3.297585018494028370e-03,1.477254498701704721e-01,-4.340799644481854605e-04,-9.339019833303877777e-03,-2.580655859302768106e-03
-5.532115455059568795e-03,1.150620064533940459e-03,7.865025476341440669e-01,1.000000000000000000e+00,0.000000000000000000e+00,0.000000000000000000e+00,0.000000000000000000e+00,-3.676873393140809299e-01,1.353001609608375511e-01,-3.033829034029364002e-03,7.444223734180076546e-01,-4.082817453292940102e-01,-1.743378407873920344e-01,-1.374245611765278485e-01,-1.748201239298500078e-03,5.644960520793683217e-04,2.583774632964478402e-01,-1.209525586012779458e-01,1.837148236928827505e-03,-4.360182304330426951e-04,3.029749209515254955e-03,2.300073978249470366e-02,-2.226473697569410562e-02,-5.790019968399322953e-03,7.117253569378747743e-03,1.487453894195986948e-01,-5.652928570270707382e-04,-6.496584390202448170e-03,2.087565618763537363e-03,-2.285262265466966522e-02,-6.872408979500719238e-03,-3.425440696989417652e-03,1.471105422982668665e-01,-3.602588142554132228e-04,-8.928916691462064972e-03,-2.431310505045891721e-03
-5.662602548291170365e-03,1.363203961800799275e-03,7.863657048262284732e-01,1.000000000000000000e+00,0.000000000000000000e+00,0.000000000000000000e+00,0.000000000000000000e+00,-3.760911072405230260e-01,1.421102210538994493e-01,-4.218300151766036718e-03,7.610197704222310122e-01,-4.178169422240272657e-01,-1.830476089540796214e-01,-1.391401910931448493e-01,-2.070360036102825846e-03,6.724399132990987191e-04,2.615753613628893359e-01,-1.224352424268679851e-01,2.176878524826932493e-03,-6.551604897841715623e-04,3.464416008405398015e-03,2.325954171918340196e-02,-2.267469260102948983e-02,-6.535794909213890960e-03,7.261711219703281296e-03,1.485446486522244147e-01,-4.512297597363364903e-04,-6.469821712146945313e-03,2.427521512756877949e-03,-2.351611938127223800e-02,-7.630393224590460016e-03,-3.536646212973148726e-03,1.465420935905790145e-01,-2.832307655850454836e-04,-8.513462109485153001e-03,-2.265727975272321167e-03
-5.765829310692548171e-03,1.558432677524542766e-03,7.862459060767481578e-01,1.000000000000000000e+00,0.000000000000000000e+00,0.000000000000000000e+00,0.000000000000000000e+00,-3.831059265817113868e-01,1.479184190521693198e-01,-5.284025635196118280e-03,7.748200145581217724e-01,-4.257349965819940962e-01,-1.904796230352263642e-01,-1.406108039064713211e-01,-2.366044948918374739e-03,7.723199656646346709e-04,2.643452829301829454e-01,-1.237349491625134301e-01,2.488944648931903751e-03,-8.601757237210279003e-04,3.860521278067119248e-03,2.343961268628326836e-02,-2.298181201541062146e-02,-7.212524199664453912e-03,7.371641152686334020e-03,1.483779727343780275e-01,-3.417376743791694215e-04,-6.452182454570143562e-03,2.739082794108297237e-03,-2.406060677570394726e-02,-8.314427269012424418e-03,-3.630786764522689943e-03,1.460376810674335613e-01,-2.084621714043423228e-04,-8.119359776210024679e-03,-2.099302021611385797e-03
-5.845117111968135652e-03,1.728028820137291572e-03,7.861456246228673006e-01,1.000000000000000000e+00,0.000000000000000000e+00,0.000000000000000000e+00,0.000000000000000000e+00,-3.887571211777119395e-01,1.526787660243444644e-01,-6.194894229684812237e-03,7.858993627309951435e-01,-4.320838198974296662e-01,-1.965736091480226599e-01,-1.418207458535649113e-01,-2.622782218513062397e-03,8.596325716297500844e-04,2.666430104646556609e-01,-1.248230950924080485e-01,2.760091730594610958e-03,-1.040696669218404242e-03,4.202643969380755185e-03,2.356027010546407618e-02,-2.320522232532331794e-02,-7.795122179592591481e-03,7.452824734298366290e-03,1.482445090947416833e-01,-2.436474510191043543e-04,-6.441459389879574012e-03,3.009385164895128206e-03,-2.449319837877355494e-02,-8.900997822465797626e-03,-3.707648618952194206e-03,1.456109275556893012e-01,-1.408438092504432746e-04,-7.769194987923026471e-03,-1.945587897751411763e-03
-5.903636005670726342e-03,1.866064550475827859e-03,7.860662530900390799e-01,1.000000000000000000e+00,0.000000000000000000e+00,0.000000000000000000e+00,0.000000000000000000e+00,-3.930988544234794158e-01,1.563849179852280502e-01,-6.927059517382516338e-03,7.943870227867226852e-01,-4.369419367018265721e-01,-2.013199462972180276e-01,-1.427654495420581648e-01,-2.831661055497145581e-03,9.310541160805299067e-04,2.684483142653324439e-01,-1.256839994643529357e-01,2.980816683406033434e-03,-1.189060817293910314e-03,4.479930049551809727e-03,2.363787872445877875e-02,-2.336193437865975719e-02,-8.266158808977647904e-03,7.510564922297539511e-03,1.481425671860077120e-01,-1.620841865439145134e-04,-6.435506741310313174e-03,3.229206955458560017e-03,-2.482196507269491398e-02,-9.373930972645152723e-03,-3.767396467274017769e-03,1.452704048675405313e-01,-8.418998693958140050e-05,-7.479684077772530935e-03,-1.815108898846269289e-03
-5.944396990027971291e-03,1.969543120486816953e-03,7.860079332158899090e-01,1.000000000000000000e+00,0.000000000000000000e+00,0.000000000000000000e+00,0.000000000000000000e+00,-3.962196178538430202e-01,1.590748659027042822e-01,-7.470965933525667776e-03,8.004741272289107590e-01,-4.404227369089961375e-01,-2.047659646312867121e-01,-1.434525767172337707e-01,-2.988200928859918986e-03,9.847980418126332704e-04,2.697673925249126636e-01,-1.263161854539876228e-01,3.146304177801903350e-03,-1.301038131749657645e-03,4.687178424662122485e-03,2.368545372392398887e-02,-2.346643165443772217e-02,-8.617606947599823139e-03,7.549518771961825914e-03,1.480696355722167790e-01,-1.000441127039321715e-04,-6.432492087447805665e-03,3.393916486949002248e-03,-2.505640624939639918e-02,-9.726129380509840675e-03,-3.810750807122722291e-03,1.450187244084108762e-01,-4.084552701239560995e-05,-7.260297165315127664e-03,-1.714486122493779534e-03
-5.970301202419448297e-03,2.038787277895347597e-03,7.859694414974828236e-01,1.000000000000000000e+00,0.000000000000000000e+00,0.000000000000000000e+00,0.000000000000000000e+00,-3.982488913212728354e-01,1.608356278234690240e-01,-7.832634189474578165e-03,8.044259843486921691e-01,-4.426809774938166853e-01,-2.070221503590245204e-01,-1.439029045689353692e-01,-3.092930318913468795e-03,1.020855871395225274e-03,2.706345796246217850e-01,-1.267332053236769895e-01,3.257052339989130463e-03,-1.376307175812043534e-03,4.825591549966306605e-03,2.371264367532782344e-02,-2.353062982052303229e-02,-8.852043756560321747e-03,7.573675081048576903e-03,1.480224165105231693e-01,-5.813645025193195040e-05,-6.431180415189891031e-03,3.504097517519709232e-03,-2.520799268418005487e-02,-9.960771528965729066e-03,-3.839131293317758938e-03,1.448519385548514005e-01,-1.145638241841095548e-05,-7.112503375751334615e-03,-1.645907082000330410e-03
-5.984352570178395891e-03,2.077539562266218602e-03,7.859480723185289230e-01,1.000000000000000000e+00,0.000000000000000000e+00,0.000000000000000000e+00,0.000000000000000000e+00,-3.993651812824509650e-01,1.618080971199892804e-01,-8.034293639171742954e-03,8.065977074265463509e-01,-4.439214273195006277e-01,-2.082684236475514650e-01,-1.441518437634681793e-01,-3.151534408881142158e-03,1.041068071828526878e-03,2.711148490065066197e-01,-1.269646266060729944e-01,3.319035653667439315e-03,-1.418542150494684490e-03,4.902962142113808860e-03,2.372634521319218551e-02,-2.356469582236917631e-02,-8.982999274511415527e-03,7.586568054224237211e-03,1.479964954495155416e-01,-3.455341876194135514e-05,-6.430653439638562251e-03,3.565751105032729292e-03,-2.529110954794564284e-02,-1.009174952320681523e-02,-3.854811542947972694e-03,1.447591245690811879e-01,5.124050647842251452e-06,-7.029446058544609223e-03,-1.607117590968441855e-03
-5.989853580964001577e-03,2.092931542422310325e-03,7.859396186637417347e-01,1.000000000000000000e+00,0.000000000000000000e+00,0.000000000000000000e+00,0.000000000000000000e+00,-3.998048168832467608e-01,1.621918359193572357e-01,-8.114242804945197979e-03,8.074525632335251002e-01,-4.444095846650860104e-01,-2.087602427570328101e-01,-1.442501299319917663e-01,-3.174809867932152588e-03,1.049102456073313988e-03,2.713046241616247634e-01,-1.270561520081180118e-01,3.343655407418519125e-03,-1.435338770740675254e-03,4.933675073719339006e-03,2.373151847832461955e-02,-2.357789121233262036e-02,-9.034963865013364778e-03,7.591572890550546925e-03,1.479862987364399807e-01,-2.516308393967726719e-05,-6.430485205340500353e-03,3.590238959285688581e-03,-2.532381540135848416e-02,-1.014370844088653863e-02,-3.861005686317933294e-03,1.447223633128646436e-01,1.173713703550979230e-05,-6.996390629578217585e-03,-1.591632878519976110e-03
-5.990739161262944971e-03,2.096407931535383337e-03,7.859447267325178066e-01,1.000000000000000000e+00,0.000000000000000000e+00,0.000000000000000000e+00,0.000000000000000000e+00,-3.998499846841975236e-01,1.622473290486335928e-01,-8.121228084376753281e-03,8.075372123221062903e-01,-4.444598075616463251e-01,-2.088314849697747444e-01,-1.442908922323930809e-01,-3.179654037952723937e-03,1.050875907480419095e-03,2.713846124153404538e-01,-1.270941403736178255e-01,3.348773079744866727e-03,-1.439485480545741984e-03,4.940618389839294446e-03,2.375449956238530683e-02,-2.357905378246899844e-02,-9.046873886809136955e-03,7.592765453010112513e-03,1.480039373414118176e-01,-2.214531068115884119e-05,-6.472503189644074860e-03,3.594917983765969285e-03,-2.532958670158522163e-02,-1.015390621352921935e-02,-3.863334684455804920e-03,1.447333805535821749e-01,1.234873284001234862e-05,-7.029216340478963189e-03,-1.586773840811208291e-03
-5.993341801214081312e-03,2.095408813937080054e-03,7.859448511302633555e-01,1.000000000000000000e+00,0.000000000000000000e+00,0.000000000000000000e+00,0.000000000000000000e+00,-3.997828497794151947e-01,1.623302258350747262e-01,-7.997372061037563012e-03,8.073787456793430906e-01,-4.443290896488386599e-01,-2.088175955415830787e-01,-1.442934740469770660e-01,-3.178134598702876332e-03,1.050382877668368199e-03,2.713813397574911246e-01,-1.270882823527043626e-01,3.347175954885872606e-03,-1.437413957838707887e-03,4.939834557099527686e-03,2.376756172722708366e-02,-2.359077912645299313e-02,-9.046040927145766394e-03,7.597624795337347067e-03,1.480029044856106257e-01,-2.401746710792477556e-05,-6.475884027046430527e-03,3.591964071614161657e-03,-2.533896385800831277e-02,-1.015388319491448629e-02,-3.863325829429685443e-03,1.447352171896132966e-01,1.056173263500052086e-05,-7.043181849093786522e-03,-1.591273998739189260e-03
-6.010479675835283565e-03,2.088703148167672489e-03,7.859456547737090348e-01,1.000000000000000000e+00,0.000000000000000000e+00,0.000000000000000000e+00,0.000000000000000000e+00,-3.993394516937495697e-01,1.628767680415882102e-01,-7.180139198555410274e-03,8.063328589565452731e-01,-4.434665764213802097e-01,-2.087260252745103684e-01,-1.443106454177254250e-01,-3.167937148871505411e-03,1.047073474798231691e-03,2.713601520333484562e-01,-1.270498997440013267e-01,3.336456956918255369e-03,-1.423598863842458597e-03,4.934451586015541069e-03,2.385355407621799623e-02,-2.366808506442880794e-02,-9.040228381319639905e-03,7.629700993199530108e-03,1.479959304359181882e-01,-3.644444328035456701e-05,-6.497888074892362552e-03,3.572283723039621980e-03,-2.540061099511202805e-02,-1.015340305643884673e-02,-3.863188962572127513e-03,1.447473838826966730e-01,-1.317730055811505814e-06,-7.135383023369269544e-03,-1.621146221492497479e-03
-6.053843605897376266e-03,2.071711580327444471e-03,7.859477083758049654e-01,1.000000000000000000e+00,0.000000000000000000e+00,0.000000000000000000e+00,0.000000000000000000e+00,-3.982110539502528024e-01,1.642583327419595840e-01,-5.105986829533868537e-03,8.036766590521776665e-01,-4.412779657347803974e-01,-2.084924577012162716e-01,-1.443538577742707885e-01,-3.142098641735256367e-03,1.038685366574309881e-03,2.713060404039464579e-01,-1.269525162370547244e-01,3.309296103830315205e-03,-1.388563104263079934e-03,4.920816097154367616e-03,2.407129319512298776e-02,-2.386373495360236477e-02,-9.025526768115892801e-03,7.710909056064222007e-03,1.479782645946645936e-01,-6.791028171050158418e-05,-6.553718793327579888e-03,3.522394218116220704e-03,-2.555655376754292427e-02,-1.015219106073107259e-02,-3.862811742752860801e-03,1.447781890476347588e-01,-3.144668633227387449e-05,-7.369093679396583434e-03,-1.696837402786175158e-03
-6.132080597871626161e-03,2.040811052977483959e-03,7.859514743787293645e-01,1.000000000000000000e+00,0.000000000000000000e+00,0.000000000000000000e+00,0.000000000000000000e+00,-3.961505503413162432e-01,1.667472877479390381e-01,-1.339149164184891792e-03,7.988462361856190075e-01,-4.373048296562115356e-01,-2.080643367589948001e-01,-1.444310903527097345e-01,-3.095113350004085207e-03,1.023420766824170930e-03,2.712068653571396148e-01,-1.267760011241835238e-01,3.259902629575772443e-03,-1.324862152462531967e-03,4.895875675553506418e-03,2.446468467656387480e-02,-2.421699465527903453e-02,-8.998618363065298206e-03,7.857697588454967338e-03,1.479461276046307727e-01,-1.248735552157672507e-04,-6.654731843753727144e-03,3.431768511673248014e-03,-2.583764108650656727e-02,-1.014960674024694386e-02,-3.861913654790446928e-03,1.448339923354230452e-01,-8.618944337795255491e-05,-7.792623478795733354e-03,-1.834073548141177496e-03
-6.250916583444271653e-03,1.993314711726661484e-03,7.859573264833076278e-01,1.000000000000000000e+00,0.000000000000000000e+00,0.000000000000000000e+00,0.000000000000000000e+00,-3.929590425601623971e-01,1.705180729494661374e-01,4.444074405075773386e-03,7.914134854555187060e-01,-4.312087313132023647e-01,-2.073972042149626049e-01,-1.445468091966491675e-01,-3.022902949336420293e-03,9.999356388980375297e-04,2.710528584402114860e-01,-1.265061117251344014e-01,3.183983194529855804e-03,-1.226932444711175893e-03,4.857251533054661105e-03,2.506352147229302246e-02,-2.475421147134395164e-02,-8.956924493368906282e-03,8.081304748304153976e-03,1.478966562815489660e-01,-2.118562502630798577e-04,-6.808836616797343637e-03,3.292659403535826146e-03,-2.626395355124308550e-02,-1.014482598038274862e-02,-3.860037218425465839e-03,1.449191704121179924e-01,-1.702722720984030933e-04,-8.440364394606289164e-03,-2.044129780958262466e-03
-6.413257663058559779e-03,1.927384060269017943e-03,7.859655691333754524e-01,1.000000000000000000e+00,0.000000000000000000e+00,0.000000000000000000e+00,0.000000000000000000e+00,-3.884741080830257376e-01,1.756495078589113967e-01,1.246975578293899913e-02,7.810643217963129104e-01,-4.227561665086515541e-01,-2.064519520661720620e-01,-1.447018718553060024e-01,-2.922684287041833924e-03,9.672926520039314439e-04,2.708360802946007118e-01,-1.261340469074018478e-01,3.078601606727138403e-03,-1.090902139150689600e-03,4.803148474984005392e-03,2.588417646417759052e-02,-2.548933323493336039e-02,-8.898560601418198032e-03,8.388057379564998334e-03,1.478277916769366318e-01,-3.315499652737703587e-04,-7.020793080497723070e-03,3.099822240979396935e-03,-2.684512393273628603e-02,-1.013681658367898523e-02,-3.856460471186155120e-03,1.450362926539275621e-01,-2.869566066025057427e-04,-9.334026675422525676e-03,-2.334192312095769058e-03
-6.619355655814077900e-03,1.842085237470685076e-03,7.859764154388499957e-01,1.000000000000000000e+00,0.000000000000000000e+00,0.000000000000000000e+00,0.000000000000000000e+00,-3.825611905746891805e-01,1.821287704908221838e-01,2.287884539525501110e-02,7.675797691794926658e-01,-4.118050042455445592e-01,-2.051930043464728071e-01,-1.448940196385032075e-01,-2.793053940648640345e-03,9.249924129983618784e-04,2.705509077584301036e-01,-1.256564418569756925e-01,2.942268882327372676e-03,-9.145810720385327223e-04,4.732559315345885587e-03,2.693040845431297903e-02,-2.642458591607414059e-02,-8.822677418921655301e-03,8.779658087749489179e-03,1.477382418061563285e-01,-4.848680733009021388e-04,-7.292551410817137668e-03,2.850484659556294046e-03,-2.758100324047420282e-02,-1.012472286042668569e-02,-3.850222105620261601e-03,1.451860252552365504e-01,-4.381071649582757429e-04,-1.048338862016083041e-02,-2.707499778351813921e-03
-6.867015258579537741e-03,1.737481563952552764e-03,7.859898885028893112e-01,1.000000000000000000e+00,0.000000000000000000e+00,0.000000000000000000e+00,0.000000000000000000e+00,-3.751085583829529835e-01,1.898575549141819085e-01,3.573724340546392819e-02,7.508204357077379321e-01,-3.982927118161138091e-01,-2.035878239705163906e-01,-1.451192864106987945e-01,-2.634126540025287164e-03,8.730269729954591050e-04,2.701963220778382246e-01,-1.250762475001116203e-01,2.775091482647927630e-03,-6.976073988363151474e-04,4.645484777019731615e-03,2.819397457473130780e-02,-2.755123993385680953e-02,-8.729863780889074790e-03,9.253551138616264785e-03,1.476273098200995559e-01,-6.709693794825118129e-04,-7.623186006762132198e-03,2.544425980050342428e-03,-2.846262718305857253e-02,-1.010834518352152905e-02,-3.840124143969034492e-03,1.453670880805992827e-01,-6.241664127350282296e-04,-1.188662056849182011e-02,-3.163408464023468886e-03
-7.151839689612701258e-03,1.615010759664674755e-03,7.860058673691403541e-01,1.000000000000000000e+00,0.000000000000000000e+00,0.000000000000000000e+00,0.000000000000000000e+00,-3.660251401708677910e-01,1.986599538581843849e-01,5.104373032791548886e-02,7.307131429638578091e-01,-3.822257039784887067e-01,-2.016071318615056396e-01,-1.453718772734652054e-01,-2.448104958933270889e-03,8.120712460789096749e-04,2.697748249836053325e-01,-1.244017682112300432e-01,2.579372458494589432e-03,-4.417605403152666753e-04,4.543807506584461413e-03,2.965610211538622157e-02,-2.885042803508649015e-02,-8.623396702825929586e-03,9.803103645163350338e-03,1.474954253965128637e-01,-8.871443260763201086e-04,-8.010349529097430740e-03,2.184435896987421601e-03,-2.947330240521494477e-02,-1.008941213434186475e-02,-3.825014774540731743e-03,1.455757935562475014e-01,-8.440254413666907918e-04,-1.353093458989610906e-02,-3.697029875694969343e-03
-7.467528955890624653e-03,1.477671912666206344e-03,7.860238464714954798e-01,1.000000000000000000e+00,0.000000000000000000e+00,0.000000000000000000e+00,0.000000000000000000e+00,-3.552420831985130811e-01,2.082928770537628427e-01,6.873511995738122715e-02,7.072420139154476093e-01,-3.636708985783564940e-01,-1.992266471168235575e-01,-1.456473295556482694e-01,-2.239559176927827331e-03,7.435917084680769996e-04,2.692981314811841442e-01,-1.236491931192808674e-01,2.359910602123560432e-03,-1.514012572084089321e-04,4.431621386178360295e-03,3.128781949055206568e-02,-3.029412176520104166e-02,-8.509831867920666579e-03,1.041809801834172808e-02,1.473437435241442828e-01,-1.128794487211862889e-03,-8.449513906232872240e-03,1.776629394451628317e-03,-3.059015257933888482e-02,-1.007231497572848647e-02,-3.803790263653431588e-03,1.458059505869985784e-01,-1.094828649059052545e-03,-1.539202466632952349e-02,-4.299120589596463690e-03
-7.806209623497894524e-03,1.330479689556750972e-03,7.860428680386968292e-01,1.000000000000000000e+00,0.000000000000000000e+00,0.000000000000000000e+00,0.000000000000000000e+00,-3.427162453084607319e-01,2.184579541667871216e-01,8.868962155768997380e-02,6.804414391070356949e-01,-3.427481143064308733e-01,-1.964289949355421117e-01,-1.459438214600068118e-01,-2.016111277108910589e-03,6.700805763231904326e-04,2.687888308829348150e-01,-1.228429481574056931e-01,2.124724148408749843e-03,1.659969692155598207e-04,4.316211527759026070e-03,3.305125758344072684e-02,-3.184616902979560404e-02,-8.400403147696532818e-03,1.108501246350885108e-02,1.471744866154850728e-01,-1.389297698695302627e-03,-8.934873653182762512e-03,1.331088880696274391e-03,-3.178568093224603403e-02,-1.006559210330711107e-02,-3.775695727317975297e-03,1.460482813482881226e-01,-1.371715360991489869e-03,-1.743397222203637090e-02,-4.955583773691961576e-03
-8.158804964329597481e-03,1.180837124876392983e-03,7.860613293131309964e-01,1.000000000000000000e+00,0.000000000000000000e+00,0.000000000000000000e+00,0.000000000000000000e+00,-3.284359138047078797e-01,2.288154313510880333e-01,1.107282810803016937e-01,6.503927670090787760e-01,-3.196241638765572879e-01,-1.932061317480459894e-01,-1.462649552944409737e-01,-1.788996165643190299e-03,5.952519712634219947e-04,2.682850353203889981e-01,-1.220175604151007565e-01,1.885644740564302061e-03,4.992869978834699098e-04,4.208822246371077269e-03,3.490053730201188309e-02,-3.346348248542900528e-02,-8.312133280243367769e-03,1.178743343254051550e-02,1.469908729140911308e-01,-1.659934437321186704e-03,-9.459285807513543448e-03,8.624386462715275979e-04,-3.302956174959539859e-02,-1.008319196382568769e-02,-3.740532915513792352e-03,1.462898865072423948e-01,-1.667542359725459212e-03,-1.960857032429445465e-02,-5.647087949418819891e-03
-8.514954399544298613e-03,1.039371425524790189e-03,7.860773206707489802e-01,1.000000000000000000e+00,0.000000000000000000e+00,0.000000000000000000e+00,0.000000000000000000e+00,-3.124261626966547412e-01,2.389989239270047805e-01,1.346159334514671346e-01,6.172228520746096958e-01,-2.945086000348423050e-01,-1.895609960690619600e-01,-1.466158407055455359e-01,-1.574327024105610234e-03,5.244587444762726204e-04,2.678323460212567730e-01,-1.212135421667957652e-01,1.659649678899831771e-03,8.323798767788195309e-04,4.126285048603988391e-03,3.678269939018265905e-02,-3.509497947047071631e-02,-8.270435909194684410e-03,1.250604498967158341e-02,1.467990570468419020e-01,-1.929278765189073111e-03,-1.001842754842185990e-02,3.909802950828965675e-04,-3.428897981632932079e-02,-1.014682685581438579e-02,-3.698698716867490546e-03,1.465149672749845033e-01,-1.972486187628326362e-03,-2.185733444873417392e-02,-6.347747848663792825e-03
-8.864629732616738714e-03,9.192547214470270017e-04,7.860871990655242669e-01,1.000000000000000000e+00,0.000000000000000000e+00,0.000000000000000000e+00,0.000000000000000000e+00,-2.947615570376056482e-01,2.486344767538385125e-01,1.600591515931383269e-01,5.811136185799788967e-01,-2.676516864363812087e-01,-1.855108849559902462e-01,-1.470215890064419939e-01,-1.392054735199843704e-03,4.643861199213962271e-04,2.675176027550640878e-01,-1.204926408214224143e-01,1.467777949602376737e-03,1.145459652809399350e-03,4.089853011009143315e-03,3.863936098688037363e-02,-3.668885521634721036e-02,-8.306775163193407321e-03,1.322005932963679284e-02,1.466032030271517683e-01,-2.184390389788516598e-03,-1.060081359345761351e-02,-5.798433420802639207e-05,-3.553441493439963433e-02,-1.028486333299200722e-02,-3.652068121553234993e-03,1.467008282787373441e-01,-2.273941120489497095e-03,-2.410431732977948160e-02,-7.026933316212306303e-03
-9.197311134489650000e-03,8.376486196966751330e-04,7.860867044122521463e-01,1.000000000000000000e+00,0.000000000000000000e+00,0.000000000000000000e+00,0.000000000000000000e+00,-2.755715986721066768e-01,2.573576108211549918e-01,1.867077397725929733e-01,5.423107040252742594e-01,-2.393465079401050910e-01,-1.810868398984860905e-01,-1.475132573119863899e-01,-1.268159464297637052e-03,4.237662553233560530e-04,2.674418609486264864e-01,-1.199248776739114536e-01,1.337435214441629050e-03,1.412637693147393006e-03,4.127962851854571902e-03,4.040719301434140404e-02,-3.818790457419871109e-02,-8.463253518483423304e-03,1.390663700804274476e-02,1.464104380265407457e-01,-2.409472041865506897e-03,-1.119797863466757970e-02,-4.522954165007873830e-04,-3.673764901998181898e-02,-1.053607457307451263e-02,-3.603605584009230908e-03,1.468208403087390423e-01,-2.556036203976162595e-03,-2.626213706433772402e-02,-7.646658490627456818e-03
-9.503424773055584723e-03,8.151230607211553802e-04,7.860699739010067466e-01,1.000000000000000000e+00,0.000000000000000000e+00,0.000000000000000000e+00,0.000000000000000000e+00,-2.550560619796803374e-01,2.648358745084904986e-01,2.141539269855379235e-01,5.011499265029764061e-01,-2.099359047248023080e-01,-1.763347397857627785e-01,-1.481405627491403920e-01,-1.233756310503805308e-03,4.131417129699063197e-04,2.677424899684341386e-01,-1.195979322760890307e-01,1.301470754415937374e-03,1.603039678543113737e-03,4.275231837997376348e-03,4.202033611795818330e-02,-3.953602610771151521e-02,-8.790662303480859668e-03,1.454219200501284670e-02,1.462272305408164053e-01,-2.586829625298643718e-03,-1.179726780882035288e-02,-7.535467339506784568e-04,-3.787697782404272212e-02,-1.094876668048147365e-02,-3.558207645218684767e-03,1.468416620192419531e-01,-2.799543550335130155e-03,-2.822730849966119046e-02,-8.163143729910771890e-03
-9.775183462723791364e-03,8.753100794467621234e-04,7.860294256434461335e-01,1.000000000000000000e+00,0.000000000000000000e+00,0.000000000000000000e+00,0.000000000000000000e+00,-2.335016204299769083e-01,2.707935200016415855e-01,2.419336569796749492e-01,4.580969659683946094e-01,-1.798274390310570237e-01,-1.713145027906190776e-01,-1.489733051598360891e-01,-1.324553773467867243e-03,4.447709933404580510e-04,2.685933474087593420e-01,-1.196159012581293341e-01,1.397634297992164177e-03,1.681399275670504958e-03,4.571873395156167072e-03,4.341330758747308921e-02,-4.068206138982086856e-02,-9.347467414268118002e-03,1.510337115490531686e-02,1.460586207457651442e-01,-2.697352912368957811e-03,-1.238048700424446494e-02,-9.175601835544379154e-04,-3.894042629273348349e-02,-1.158031853735248112e-02,-3.523144008973834885e-03,1.467232464090381105e-01,-2.981923509404666925e-03,-2.988074638647063644e-02,-8.527758699360092273e-03
-1.000792249549495652e-02,1.043300948311947675e-03,7.859556710498759591e-01,1.000000000000000000e+00,0.000000000000000000e+00,0.000000000000000000e+00,0.000000000000000000e+00,-2.113043083639800090e-01,2.750413150809612461e-01,2.695289830051927349e-01,4.138067506665269457e-01,-1.495174597327915689e-01,-1.660993308956994485e-01,-1.501023922523666287e-01,-1.578393748579598249e-03,5.319710849225491424e-04,2.702024433587290053e-01,-1.200959482466064515e-01,1.666035643971445351e-03,1.610526601718336760e-03,5.060743793209059559e-03,4.452599851911111933e-02,-4.158676571497318258e-02,-1.019517131526806973e-02,1.556884985619088300e-02,1.459061228083754769e-01,-2.721952077663098747e-03,-1.292023482582637696e-02,-8.967882982438802556e-04,-3.993006490069103687e-02,-1.249344034547287229e-02,-3.508502838829932746e-03,1.464198184189378638e-01,-3.078097945875621008e-03,-3.109025392639638841e-02,-8.690223905051270431e-03
-1.020168107594123137e-02,1.341856554314494474e-03,7.858379332266773876e-01,1.000000000000000000e+00,0.000000000000000000e+00,0.000000000000000000e+00,0.000000000000000000e+00,-1.889946556546440448e-01,2.775120868658371154e-01,2.963730066179247058e-01,3.691972633090132572e-01,-1.196213147024994261e-01,-1.607762064457859685e-01,-1.516347811920994992e-01,-2.029464159085734958e-03,6.874250329110925513e-04,2.727958904577779675e-01,-1.211573243847545861e-01,2.143122252961193568e-03,1.356828326198474292e-03,5.780311942114727160e-03,4.531145425046860520e-02,-4.223254247931754884e-02,-1.138758715373807372e-02,1.592225824221573521e-02,1.457648117603892735e-01,-2.644504817675411967e-03,-1.337542596031563585e-02,-6.463141059508452574e-04,-4.086578630412356777e-02,-1.374639919280427197e-02,-3.527041219128194613e-03,1.458841659936077617e-01,-3.062854723064697797e-03,-3.171959104812527991e-02,-8.605561108438011461e-03
-1.036236324569369399e-02,1.784289417536418084e-03,7.856657684575044653e-01,1.000000000000000000e+00,0.000000000000000000e+00,0.000000000000000000e+00,0.000000000000000000e+00,-1.672506229472542350e-01,2.782977040890808329e-01,3.218618454274851937e-01,3.255067143466890411e-01,-9.089346159364508626e-02,-1.554493625194307560e-01,-1.536735334919444584e-01,-2.697475312632270292e-03,9.197833152399650719e-04,2.765717485436489653e-01,-1.228951614339116455e-01,2.850342703695336877e-03,9.003240296026386808e-04,6.751474509434061272e-03,4.574676467021646792e-02,-4.263392674808789279e-02,-1.295114805413561873e-02,1.615632743636261082e-02,1.456207669285002337e-01,-2.456880722601579529e-03,-1.368938800779131298e-02,-1.356498328124389132e-04,-4.178488534728493770e-02,-1.537366352807860090e-02,-3.592431409803300765e-03,1.450784980742809427e-01,-2.916171570285603417e-03,-3.165120229672641755e-02,-8.246539433889629733e-03
-1.050108184959957190e-02,2.364341481113274492e-03,7.854329717638868225e-01,1.000000000000000000e+00,0.000000000000000000e+00,0.000000000000000000e+00,0.000000000000000000e+00,-1.468650965324579949e-01,2.776707614260935930e-01,3.453830799202260438e-01,2.842614415351517043e-01,-6.420108965706249060e-02,-1.502467464186645341e-01,-1.562743808120389266e-01,-3.572356282471949532e-03,1.228430013988199895e-03,2.816102795979664175e-01,-1.253341360225488643e-01,3.777982434587573435e-03,2.484679024776539598e-04,7.958944294240963974e-03,4.584486354874866415e-02,-4.284248337072010804e-02,-1.485769336390363980e-02,1.627719732937483316e-02,1.454518257179005514e-01,-2.165446779084645012e-03,-1.379738513255502654e-02,6.336408804763519684e-04,-4.273170335389041286e-02,-1.735720515997972793e-02,-3.714822365535694164e-03,1.439939172511084109e-01,-2.632008977439093556e-03,-3.082798558034753264e-02,-7.620715959902094570e-03
-1.063016620332505116e-02,3.047284269338837621e-03,7.851434291527306097e-01,1.000000000000000000e+00,0.000000000000000000e+00,0.000000000000000000e+00,0.000000000000000000e+00,-1.286279434553206091e-01,2.760595492637262227e-01,3.663712873502607548e-01,2.470604568099976917e-01,-4.040639336567280332e-02,-1.453245080850442961e-01,-1.593843786375893634e-01,-4.600974260192804664e-03,1.598110912143018260e-03,2.877575926724735278e-01,-1.283733902725958387e-01,4.870869672310034794e-03,-5.523123626125434060e-04,9.335215074751856620e-03,4.566045530413902903e-02,-4.293621765939917984e-02,-1.700193733183150840e-02,1.630595535134430826e-02,1.452353798093025949e-01,-1.795840606117947002e-03,-1.365021720186760865e-02,1.611051399091626563e-03,-4.373390753105049072e-02,-1.959967649381345878e-02,-3.893992495938710437e-03,1.426738595672686349e-01,-2.228044323989992158e-03,-2.930606352805345885e-02,-6.784568644616845515e-03
-1.075797103412969545e-02,3.772730273752901604e-03,7.848149388069362020e-01,1.000000000000000000e+00,0.000000000000000000e+00,0.000000000000000000e+00,0.000000000000000000e+00,-1.131691018173402868e-01,2.739649782498119746e-01,3.843773525408804015e-01,2.152561191644638272e-01,-2.020385767326327367e-02,-1.408553287723268432e-01,-1.628096242824788875e-01,-5.691745469714301099e-03,1.998809692873938174e-03,2.945749666177093773e-01,-1.317680507883196295e-01,6.032693043970990474e-03,-1.421134137934733626e-03,1.076681377754027877e-02,4.528411077034327076e-02,-4.299469763118015514e-02,-1.921174846617381901e-02,1.627403994586823499e-02,1.449622591161716378e-01,-1.389891436817956892e-03,-1.324633985121627389e-02,2.699289062978527023e-03,-4.478156151362492482e-02,-2.192992824404877208e-02,-4.116067053310793443e-03,1.412198050848976760e-01,-1.747314729138458840e-03,-2.727547862101095330e-02,-5.837751033268155122e-03
-1.088341764071982555e-02,4.467068369909794889e-03,7.844785880409451684e-01,1.000000000000000000e+00,0.000000000000000000e+00,0.000000000000000000e+00,0.000000000000000000e+00,-1.007790938496931493e-01,2.718305411267169514e-01,3.991393482591676367e-01,1.895558276274751652e-01,-3.924539144716628764e-03,-1.370054406730089047e-01,-1.662323848092191747e-01,-6.733799250372369052e-03,2.390636246697171608e-03,3.013937020556898272e-01,-1.351668995356688774e-01,7.145683083429836720e-03,-2.260762963220955615e-03,1.211784714930322013e-02,4.481897810473235017e-02,-4.306570580893408218e-02,-2.128457269277786099e-02,1.621399378184997311e-02,1.446477697540522189e-01,-9.958433686452559767e-04,-1.265234151467706583e-02,3.773242336097916427e-03,-4.581315879447427075e-02,-2.413593452867215938e-02,-4.353255756721926759e-03,1.397781005946384381e-01,-1.251173960824624896e-03,-2.503813023647793318e-02,-4.900944475448126142e-03
-1.099852097638742872e-02,5.066808428680911851e-03,7.841698262042043899e-01,1.000000000000000000e+00,0.000000000000000000e+00,0.000000000000000000e+00,0.000000000000000000e+00,-9.142815472221221818e-02,2.699654697410739379e-01,4.105964472754728978e-01,1.700191496947484893e-01,8.452785673186691273e-03,-1.338964160365803957e-01,-1.693113503555536414e-01,-7.632240531265841420e-03,2.736057400099218585e-03,3.075188764020206911e-01,-1.382159478541901687e-01,8.107893377958898251e-03,-2.988496263211257685e-03,1.327346636496582952e-02,4.435906111352993370e-02,-4.315870227664054398e-02,-2.305081957700717832e-02,1.615049412923002387e-02,1.443292874496626965e-01,-6.538179109675996449e-04,-1.198648033718300102e-02,4.720190290521942417e-03,-4.674309974972106624e-02,-2.603212433293279268e-02,-4.574930972456510772e-03,1.384934558624361378e-01,-7.995301329292463970e-04,-2.291401687275030144e-02,-4.077698033708713164e-03
-1.109334700366251987e-02,5.531639238819394469e-03,7.839183462987853179e-01,1.000000000000000000e+00,0.000000000000000000e+00,0.000000000000000000e+00,0.000000000000000000e+00,-8.485166758575664325e-02,2.685289458836739862e-01,4.188766093447779948e-01,1.561989869185526902e-01,1.722353512148506322e-02,-1.315829425191865354e-01,-1.717790693083767195e-01,-8.327471557189953383e-03,3.008473394442898272e-03,3.124186893008649157e-01,-1.406504735646371684e-01,8.854251417514558131e-03,-3.552757834482337101e-03,1.416310619271792144e-02,4.397256546120653642e-02,-4.325724536677469367e-02,-2.440743932932025115e-02,1.609770343156835190e-02,1.440503636084944639e-01,-3.885264938791817865e-04,-1.137527129275734891e-02,5.464345667342739021e-03,-4.749373031025520830e-02,-2.749923348104015702e-02,-4.756445263588181434e-03,1.374725352485980656e-01,-4.364874007354823380e-04,-2.115805907205804692e-02,-3.434059310530250975e-03
-1.116004542125798200e-02,5.681525584127864771e-03,7.838395307139826018e-01,1.000000000000000000e+00,0.000000000000000000e+00,0.000000000000000000e+00,0.000000000000000000e+00,-8.122553839849176727e-02,2.680828735869128510e-01,4.240281864793521427e-01,1.485569559185464794e-01,2.240064524811614596e-02,-1.302955889033732828e-01,-1.725967229700302863e-01,-8.551348305941924854e-03,3.097252864569911314e-03,3.139232629950826636e-01,-1.413381923252051142e-01,9.094964140140517767e-03,-3.721114165983006178e-03,1.446659366623003970e-02,4.403523623369829526e-02,-4.344434966761516470e-02,-2.487564472921769548e-02,1.614396245391937212e-02,1.439551421224628258e-01,-3.198202775732489562e-04,-1.125230589719088299e-02,5.682763339593178628e-03,-4.787517368971141302e-02,-2.801595897301150523e-02,-4.820615602680638351e-03,1.371528500660452732e-01,-3.372575423072915078e-04,-2.077760050035236741e-02,-3.269952416233364197e-03
-1.119770202651025615e-02,5.631714352168865588e-03,7.838734107634695025e-01,1.000000000000000000e+00,0.000000000000000000e+00,0.000000000000000000e+00,0.000000000000000000e+00,-7.967430563766780827e-02,2.682405718921579418e-01,4.266879787438763727e-01,1.452990304467393079e-01,2.481972556557306489e-02,-1.297967688173335687e-01,-1.723381691892857115e-01,-8.476805193452069051e-03,3.067778669771841459e-03,3.132497035878670233e-01,-1.409228700388797939e-01,9.014847684703751474e-03,-3.642233947036360286e-03,1.439560229739802154e-02,4.434192689898048406e-02,-4.363845816789094223e-02,-2.477532063512269747e-02,1.623668730147070222e-02,1.439878994746239538e-01,-3.712885607377468711e-04,-1.144736917957517482e-02,5.571002927672758301e-03,-4.797673233130996667e-02,-2.791862791111930989e-02,-4.806527073609971959e-03,1.372825889920120668e-01,-4.040891225655063009e-04,-2.125008197332340504e-02,-3.399443883057586078e-03
-1.121304020510823472e-02,5.603267999084953974e-03,7.838919080638035997e-01,1.000000000000000000e+00,0.000000000000000000e+00,0.000000000000000000e+00,0.000000000000000000e+00,-7.908347066589066499e-02,2.683268224954954984e-01,4.277311407506498853e-01,1.440627833530038204e-01,2.572292567658366128e-02,-1.296415949658867861e-01,-1.721894315869428871e-01,-8.434246805706636235e-03,3.050959994594131669e-03,3.128835240722501188e-01,-1.407052534617197481e-01,8.969110209930438241e-03,-3.599661558580945480e-03,1.435174956927012802e-02,4.448255704846534875e-02,-4.372285344589922629e-02,-2.471181754590055096e-02,1.627805274436711774e-02,1.440063720738177511e-01,-3.976255036767538712e-04,-1.154152481928382400e-02,5.511605638032747445e-03,-4.801130515411381611e-02,-2.785499483576739377e-02,-4.798073865263478843e-03,1.373540079042802897e-01,-4.383868074162577413e-04,-2.148158860471342455e-02,-3.465254133128886464e-03
-1.121806855117157137e-02,6.106047914418050691e-03,7.835888971548622406e-01,1.000000000000000000e+00,0.000000000000000000e+00,0.000000000000000000e+00,0.000000000000000000e+00,-7.736214034801568162e-02,2.667789428700259591e-01,4.285957961219535872e-01,1.403744238050914916e-01,2.729808623416473193e-02,-1.288004719497450323e-01,-1.749165367995609566e-01,-9.185780039382630130e-03,3.351078760197678634e-03,3.186357300676403437e-01,-1.437341106789357670e-01,9.777943018161473071e-03,-4.248808132920245742e-03,1.525598405191560744e-02,4.345142773996202995e-02,-4.341533660553614782e-02,-2.607160648432017142e-02,1.603091236164695330e-02,1.436557540586929083e-01,-6.125521672361070556e-05,-1.048584442783389095e-02,6.394855722538407214e-03,-4.846065043948344364e-02,-2.931268746981978771e-02,-4.990801762887035233e-03,1.361720912284229701e-01,2.708060250339753018e-05,-1.884693315974410657e-02,-2.635170765303726688e-03
-1.123165874139560316e-02,5.848094904327454796e-03,7.838134219042981465e-01,1.000000000000000000e+00,0.000000000000000000e+00,0.000000000000000000e+00,0.000000000000000000e+00,-7.821194033065735629e-02,2.675441309953011659e-01,4.282445388615375714e-01,1.421567193045712441e-01,2.657812169930780233e-02,-1.291781013909398534e-01,-1.738279277306337689e-01,-8.901957178148702660e-03,3.045767161762623267e-03,3.162868643568665372e-01,-1.424851988786882961e-01,9.411792825123773548e-03,-3.920419303277625743e-03,1.479660090021419142e-02,4.428523094889984940e-02,-4.363261411944568263e-02,-2.537571371195934331e-02,1.617898140289577083e-02,1.440174681006867741e-01,-2.330626312185012138e-04,-1.146491933721597266e-02,5.934642471755101518e-03,-4.828895443195041493e-02,-2.855614427997762994e-02,-4.914919904931394808e-03,1.369443275836368934e-01,-2.258978802590418415e-04,-2.061418797998832916e-02,-3.060040285158769843e-03
-1.125397387806005393e-02,5.867052530270528213e-03,7.838195305238692123e-01,1.000000000000000000e+00,0.000000000000000000e+00,0.000000000000000000e+00,0.000000000000000000e+00,-7.816628052237988011e-02,2.674776552674276164e-01,4.282717047473477701e-01,1.419795716523278573e-01,2.668765304741191335e-02,-1.291332930419338831e-01,-1.746830575024677923e-01,-9.616262906334622357e-03,2.054181344544737768e-03,3.180527572802450686e-01,-1.435118796451091416e-01,9.770925472097458098e-03,-3.952919564392309848e-03,1.482086696388016517e-02,4.440312113331747190e-02,-4.370683133670377751e-02,-2.540091758975032005e-02,1.617201711177116905e-02,1.440543821195624519e-01,-2.119917972170372550e-04,-1.160228805915295737e-02,5.991123660201051054e-03,-4.839747594034196632e-02,-2.858887284464181958e-02,-4.964389047171390533e-03,1.369348757168473985e-01,-1.999019605718362340e-04,-2.061393478871493060e-02,-3.013729227878687422e-03
-1.131075381484977424e-02,5.913488647056035219e-03,7.838343030746666162e-01,1.000000000000000000e+00,0.000000000000000000e+00,0.000000000000000000e+00,0.000000000000000000e+00,-7.805983456279165511e-02,2.673156793544028131e-01,4.283372873111718770e-01,1.415501216416196195e-01,2.695656151659376470e-02,-1.290220801871420908e-01,-1.768469142401476180e-01,-1.143210694752483554e-02,-4.542596750243013638e-04,3.225224401065145408e-01,-1.461063073518394650e-01,1.067945419710195423e-02,-4.033159575989477170e-03,1.487933286581473447e-02,4.470021449655629808e-02,-4.389706314619044869e-02,-2.546012650384613107e-02,1.615518242973806515e-02,1.441444807206815337e-01,-1.598251595710963220e-04,-1.194317593405034086e-02,6.131835533974020792e-03,-4.867224261329892998e-02,-2.866748070482884325e-02,-5.089119079775567683e-03,1.369105226961026545e-01,-1.350125633588730885e-04,-2.061147671568296438e-02,-2.899171230150725167e-03
-1.141427149977882610e-02,5.991805785610473598e-03,7.838585688794105222e-01,1.000000000000000000e+00,0.000000000000000000e+00,0.000000000000000000e+00,0.000000000000000000e+00,-7.789934703023183860e-02,2.670453046492773930e-01,4.284445952477309305e-01,1.408406132683611423e-01,2.741315764802138358e-02,-1.288291668672870982e-01,-1.807513424559783199e-01,-1.474056913588515753e-02,-4.979940491886410484e-03,3.305922814587162750e-01,-1.507754657789245056e-01,1.231876299670023669e-02,-4.170833819692095108e-03,1.497433407860471362e-02,4.523195200089517864e-02,-4.424873893255910906e-02,-2.555065218982365341e-02,1.612753425841133986e-02,1.442954119469090357e-01,-6.975130341342650772e-05,-1.253486015825176769e-02,6.377880422099539183e-03,-4.916839289652796124e-02,-2.879422988903796582e-02,-5.312597794490978714e-03,1.368651574560471873e-01,-2.111688959220660292e-05,-2.060090305926829540e-02,-2.701773626734709464e-03
-1.157367447213744800e-02,6.097596727555791921e-03,7.838898871144061031e-01,1.000000000000000000e+00,0.000000000000000000e+00,0.000000000000000000e+00,0.000000000000000000e+00,-7.772793819929814385e-02,2.666859531782451720e-01,4.285820095849637856e-01,1.399135802903867520e-01,2.804077455276706918e-02,-1.285550149068608594e-01,-1.866754105259434693e-01,-1.984636576381876988e-02,-1.185371912659556430e-02,3.428503442127501799e-01,-1.578323054146516524e-01,1.480942652020439572e-02,-4.362859212680317983e-03,1.509337945235535855e-02,4.602846365491806285e-02,-4.480146875763543063e-02,-2.564901694853183658e-02,1.609174979281372334e-02,1.444972717690789776e-01,5.746259863501055362e-05,-1.337889670125110356e-02,6.732599519938080139e-03,-4.992125581096557713e-02,-2.895024245556097192e-02,-5.647986663888679947e-03,1.367934057169260254e-01,1.440572187961607206e-04,-2.057150887031378855e-02,-2.424188948005231038e-03
-1.179443686502222068e-02,6.217277664644508053e-03,7.839227870759094552e-01,1.000000000000000000e+00,0.000000000000000000e+00,0.000000000000000000e+00,0.000000000000000000e+00,-7.762003133749015293e-02,2.662880192900337617e-01,4.287241497903595544e-01,1.389124064130074498e-01,2.878222452174897250e-02,-1.282166451627629322e-01,-1.947391372047144187e-01,-2.698242897405576934e-02,-2.124508545156696473e-02,3.595689169258665663e-01,-1.673906392219535744e-01,1.821504330542202121e-02,-4.593001510432888866e-03,1.520830604246931408e-02,4.709348372909106378e-02,-4.558685390413418081e-02,-2.570988099340001595e-02,1.605361089448417364e-02,1.447229735319603972e-01,2.136148643602551556e-04,-1.443313917921916316e-02,7.181052657097817399e-03,-5.094385875908031408e-02,-2.909396344137172782e-02,-6.097812790598251993e-03,1.366916567147261341e-01,3.545875870338252079e-04,-2.051014608840844022e-02,-2.086510406335936874e-03
-1.207728860212720773e-02,6.330309433982089957e-03,7.839499726275247493e-01,1.000000000000000000e+00,0.000000000000000000e+00,0.000000000000000000e+00,0.000000000000000000e+00,-7.766400122108897686e-02,2.659223895178463026e-01,4.288374798413145395e-01,1.380269488600849304e-01,2.955463155108933870e-02,-1.278448506493410353e-01,-2.048959840802225540e-01,-3.631952221232458144e-02,-3.317419862736886021e-02,3.806952173187697075e-01,-1.793635718938053070e-01,2.254897546804890754e-02,-4.834880748978333947e-03,1.527947477239232667e-02,4.840475572652325892e-02,-4.662229811286160847e-02,-2.567251013011473057e-02,1.602004857705223440e-02,1.449339779769916459e-01,3.850738820529941661e-04,-1.562451687690386698e-02,7.693339122820797363e-03,-5.222420987275153137e-02,-2.916661314837358868e-02,-6.654523539987460858e-03,1.365591098271916326e-01,5.974625334705282705e-04,-2.040530672920300506e-02,-1.721981362950925857e-03
-1.241734207904849480e-02,6.412959576640745764e-03,7.839639757943366316e-01,1.000000000000000000e+00,0.000000000000000000e+00,0.000000000000000000e+00,0.000000000000000000e+00,-7.793906703705467953e-02,2.656648035263896590e-01,4.288881467407934522e-01,1.374458583109301468e-01,3.027034822802504230e-02,-1.274789448508994172e-01,-2.169396072999179859e-01,-4.796846681168815546e-02,-4.752912310537353580e-02,4.058699750140792872e-01,-1.934800724504524005e-01,2.778241779593714975e-02,-5.057047997608380731e-03,1.526263816484165446e-02,4.991686228710261880e-02,-4.790452479341923697e-02,-2.547155364255494769e-02,1.599669781095548748e-02,1.450884758188090429e-01,5.560258768407437069e-04,-1.686703251101383944e-02,8.230484114613774785e-03,-5.372461766438001857e-02,-2.910192848984112859e-02,-7.302019645322225215e-03,1.363988114451827605e-01,8.550080388857609140e-04,-2.025163878703456835e-02,-1.370036129392169112e-03
-1.280410535670909074e-02,6.443086553588136048e-03,7.839586863290282093e-01,1.000000000000000000e+00,0.000000000000000000e+00,0.000000000000000000e+00,0.000000000000000000e+00,-7.849683593762581124e-02,2.655801182281378736e-01,4.288491242222274846e-01,1.373163297477256461e-01,3.085444420779261121e-02,-1.271595145977015284e-01,-2.305299285013364674e-01,-6.197645662678798878e-02,-6.408763042706913660e-02,4.344812931210927931e-01,-2.093217066312285102e-01,3.385352706381473953e-02,-5.229366514079337308e-03,1.511786714792084929e-02,5.156702444961309278e-02,-4.940625613524769061e-02,-2.505036073421443646e-02,1.598577017143926540e-02,1.451503588898073738e-01,7.119909632806625029e-04,-1.808055398157889376e-02,8.752197487520230537e-03,-5.538541318311442085e-02,-2.883903710069849260e-02,-8.018354586165732378e-03,1.362170979622571443e-01,1.108208523643048043e-03,-2.005152599850537967e-02,-1.067920194580858351e-03
-1.322266528637888565e-02,6.403783267900370856e-03,7.839302036868178725e-01,1.000000000000000000e+00,0.000000000000000000e+00,0.000000000000000000e+00,0.000000000000000000e+00,-7.935368654594493476e-02,2.657123769371855793e-01,4.287041095724813400e-01,1.377236199284558316e-01,3.125433070426497650e-02,-1.269221855547258693e-01,-2.452393904956284842e-01,-7.831895762918826553e-02,-8.254230396673822856e-02,4.657540307493515108e-01,-2.263781226979083849e-01,4.067467902997828899e-02,-5.327890835185236131e-03,1.481621209066608449e-02,5.328290936930156485e-02,-5.107864812955787565e-02,-2.437062109510568925e-02,1.598532104303879500e-02,1.450949994394095388e-01,8.422293954873828628e-04,-1.920291480025053052e-02,9.223241447011759284e-03,-5.713260636338960557e-02,-2.833252690048735506e-02,-8.778797166574255767e-03,1.360222505888812883e-01,1.339701951578533634e-03,-1.981402359768985599e-02,-8.445431081378658575e-04
-1.365569231713249440e-02,6.285101455990202597e-03,7.838769031666339426e-01,1.000000000000000000e+00,0.000000000000000000e+00,0.000000000000000000e+00,0.000000000000000000e+00,-8.049503626214446483e-02,2.660826458138565442e-01,4.284475628648961032e-01,1.386938285590386399e-01,3.143978755054770147e-02,-1.267937788810399036e-01,-2.606066867655473795e-01,-9.689122218570717093e-02,-1.025264604685539871e-01,4.988490233531476248e-01,-2.441073038317865262e-01,4.813714208194877497e-02,-5.337192840804839966e-03,1.434271649606882852e-02,5.499065352857629430e-02,-5.285852371208752537e-02,-2.341625482296325403e-02,1.598995041596331865e-02,1.449108802069493107e-01,9.405364252092543714e-04,-2.019345661958044449e-02,9.617028270025633485e-03,-5.888740362330861094e-02,-2.755746227365245271e-02,-9.558575778115014840e-03,1.358227694300792876e-01,1.535720446106093222e-03,-1.955178633026815466e-02,-7.178342206490889374e-04
-1.408545243322304255e-02,6.083605729280911444e-03,7.837990886455311612e-01,1.000000000000000000e+00,0.000000000000000000e+00,0.000000000000000000e+00,0.000000000000000000e+00,-8.188282629662799184e-02,2.666916162825495595e-01,4.280829683071301073e-01,1.402033661561483957e-01,3.140113521612205444e-02,-1.267916235213749909e-01,-2.761841958277357345e-01,-1.175025722991324822e-01,-1.236387770818661580e-01,5.329468766093664600e-01,-2.619878711721987941e-01,5.611318870329941311e-02,-5.249871027084632852e-03,1.369529640889215021e-02,5.662131232435408529e-02,-5.467704263528956610e-02,-2.219117260245785650e-02,1.599241358574826632e-02,1.445978496608958386e-01,1.004570107705450230e-03,-2.103017715146452207e-02,9.915779851119594507e-03,-6.057407818018651496e-02,-2.650835367502014581e-02,-1.033455909163688742e-02,1.356266487904131957e-01,1.686509441583528522e-03,-1.927901737546430447e-02,-6.957505810344140210e-04
-1.449559232323596042e-02,5.802058495070362004e-03,7.836986849407459044e-01,1.000000000000000000e+00,0.000000000000000000e+00,0.000000000000000000e+00,0.000000000000000000e+00,-8.346347304948133206e-02,2.675224641972475115e-01,4.276210991145004137e-01,1.421904527926915185e-01,3.114592287493489139e-02,-1.269228516045800836e-01,-2.915673049752827706e-01,-1.398775391552415093e-01,-1.454643279482392415e-01,5.672933202206427161e-01,-2.795505170029641828e-01,6.445980536106636627e-02,-5.066263929536653915e-03,1.288416467441219973e-02,5.811670560149041070e-02,-5.646724172917261947e-02,-2.071742147888757518e-02,1.598507236029092157e-02,1.441654816240669212e-01,1.035051610561719612e-03,-2.170744986407594987e-02,1.011074727548027380e-02,-6.212693732297642352e-02,-2.519848057566687061e-02,-1.108663336127059702e-02,1.354400357126691046e-01,1.786513103602925924e-03,-1.900906595001708443e-02,-7.771704525933318319e-04
-1.487238370748336126e-02,5.447009927419650677e-03,7.835784146168961461e-01,1.000000000000000000e+00,0.000000000000000000e+00,0.000000000000000000e+00,0.000000000000000000e+00,-8.518021543691445263e-02,2.685492680812064936e-01,4.270760039075496284e-01,1.445778439400286219e-01,3.069057090708058114e-02,-1.271871714362979855e-01,-3.064167666725220451e-01,-1.636611039221460284e-01,-1.675921369995545251e-01,6.012336025686394470e-01,-2.964036607717993599e-01,7.302016837809476024e-02,-4.791338379874622230e-03,1.192676209424778540e-02,5.943086256497333297e-02,-5.817074372939665117e-02,-1.902767125404283832e-02,1.596156944053779905e-02,1.436282908444688478e-01,1.034238942773695307e-03,-2.222689118380661091e-02,1.019914646666070929e-02,-6.349360034380248374e-02,-2.365322928273319233e-02,-1.179790490971553696e-02,1.352678220469550885e-01,1.833455315424198590e-03,-1.875321237579050462e-02,-9.559228895883072064e-04
-1.520543256505264493e-02,5.028332516855866206e-03,7.834417012263504843e-01,1.000000000000000000e+00,0.000000000000000000e+00,0.000000000000000000e+00,0.000000000000000000e+00,-8.697568455096682527e-02,2.697384343119532124e-01,4.264644457549162659e-01,1.472760997187121945e-01,3.005999076991809627e-02,-1.275770488998752006e-01,-3.204618712779757073e-01,-1.884312959446450275e-01,-1.896279869137326712e-01,6.342101564228300736e-01,-3.122378039646074854e-01,8.162977228204916502e-02,-4.434273194815533357e-03,1.084691092294516254e-02,6.053244809372505808e-02,-5.974076634483078269e-02,-1.716332210534765590e-02,1.591748491051512768e-02,1.430046622340882256e-01,1.005413235115300416e-03,-2.259648940445641366e-02,1.018384077777571665e-02,-6.463752467554058356e-02,-2.190869138975135716e-02,-1.245513741682722705e-02,1.351132431684546886e-01,1.828087980692023624e-03,-1.852016274993582498e-02,-1.221618102481595745e-03
-1.548797021678980507e-02,4.558221924286182634e-03,7.832925053868128318e-01,1.000000000000000000e+00,0.000000000000000000e+00,0.000000000000000000e+00,0.000000000000000000e+00,-8.879384348669024096e-02,2.710509235821895180e-01,4.258051316646734308e-01,1.501867568147381704e-01,2.928708088767806306e-02,-1.280789442123758948e-01,-3.334997233804052885e-01,-2.137149882901333564e-01,-2.112036479266147793e-01,6.657572003291998275e-01,-3.268262020627494824e-01,9.012251776003070425e-02,-4.007345076735166663e-03,9.672744888480603806e-03,6.140521254327332284e-02,-6.114372925100386436e-02,-1.517129385635356854e-02,1.585080779642146151e-02,1.423152428560362226e-01,9.523641952900844827e-04,-2.282851053896559762e-02,1.007214280829370028e-02,-6.553850704696270735e-02,-2.000863947824373101e-02,-1.304871374481927915e-02,1.349783869945676285e-01,1.773650688217097557e-03,-1.831649241832472921e-02,-1.561138892789870570e-03
-1.571699855062702600e-02,4.050778075277397701e-03,7.831350646280098582e-01,1.000000000000000000e+00,0.000000000000000000e+00,0.000000000000000000e+00,0.000000000000000000e+00,-9.058502984010946557e-02,2.724451353315284208e-01,4.251172900034351776e-01,1.532131122803185863e-01,2.840759735093430216e-02,-1.286738998965168135e-01,-3.453906088663975527e-01,-2.390070662883073405e-01,-2.319824965887267165e-01,6.954910935425714369e-01,-3.400199555843811949e-01,9.833808249466262363e-02,-3.525465841713413141e-03,8.435785999942831126e-03,6.204756463108037495e-02,-6.235996684796848294e-02,-1.310249387305064718e-02,1.576197107464947719e-02,1.415819156696050685e-01,8.792742364055508271e-04,-2.293796710292690666e-02,9.875508488688865272e-03,-6.619300493531568574e-02,-1.800314489005657576e-02,-1.357278813167790352e-02,1.348639015944565200e-01,1.675736475225284841e-03,-1.814560910888631320e-02,-1.959173577328110049e-03
-1.589307370940826192e-02,3.521502170863246000e-03,7.829737754463050869e-01,1.000000000000000000e+00,0.000000000000000000e+00,0.000000000000000000e+00,0.000000000000000000e+00,-9.230706478009123583e-02,2.738783448629144579e-01,4.244201263087693521e-01,1.562633858580034785e-01,2.745858131753904294e-02,-1.293384350512732373e-01,-3.560509891916984748e-01,-2.637908332947048184e-01,-2.516628839404657647e-01,7.231003625793289702e-01,-3.517399953516226474e-01,1.061288664393285619e-01,-3.005684794450111386e-03,7.169882401232331899e-03,6.247140480157511305e-02,-6.338294563815748128e-02,-1.101020730977574080e-02,1.565367519151369957e-02,1.408270884337288753e-01,7.906514651831078166e-04,-2.294207502214073296e-02,9.608979276206205608e-03,-6.661296982115598453e-02,-1.594681398427325730e-02,-1.402510323949128675e-02,1.347691821088064512e-01,1.541953070931644659e-03,-1.800792319169930433e-02,-2.398757106798773877e-03
-1.601977498467715977e-02,2.986701220139473516e-03,7.828131808031525418e-01,1.000000000000000000e+00,0.000000000000000000e+00,0.000000000000000000e+00,0.000000000000000000e+00,-9.392350446096557615e-02,2.753071797897338469e-01,4.237328903611844444e-01,1.592485306542239798e-01,2.647922197320630791e-02,-1.300457457031621855e-01,-3.654450505093060908e-01,-2.875586855997097624e-01,-2.699802711072935013e-01,7.483367725476516297e-01,-3.619668734290089618e-01,1.133659296542905981e-01,-2.466558295554039347e-03,5.909997738767477048e-03,6.270024295912465795e-02,-6.421728155209503741e-02,-8.948369133411022969e-03,1.553049218368167221e-02,1.400732862689870739e-01,6.912770978024863943e-04,-2.286044236086029816e-02,9.290364101327179894e-03,-6.682332221489660495e-02,-1.389665022360426355e-02,-1.440654752232285729e-02,1.346929152184204170e-01,1.381403004515590824e-03,-1.790198972059121527e-02,-2.861864184032962034e-03
-1.610315145669155221e-02,2.462965262571485941e-03,7.826577164029905331e-01,1.000000000000000000e+00,0.000000000000000000e+00,0.000000000000000000e+00,0.000000000000000000e+00,-9.540629243368338452e-02,2.766900044449725482e-01,4.230737015936388845e-01,1.620899487982309095e-01,2.550644926684194139e-02,-1.307669234968939220e-01,-3.735768292321403061e-01,-3.098328501522759626e-01,-2.867086246743669187e-01,7.710099976576830771e-01,-3.707296747341056187e-01,1.199436521267147893e-01,-1.927500160207616447e-03,4.691129464430964652e-03,6.276640751128016726e-02,-6.487678221526629874e-02,-6.970035801729231040e-03,1.539833070377855627e-02,1.393423824037276493e-01,5.861758190013814478e-04,-2.271398330000641216e-02,8.939544605020107587e-03,-6.685936573025196006e-02,-1.191017267763337141e-02,-1.472077264294246665e-02,1.346329637844621563e-01,1.204301236044535550e-03,-1.782414698887167109e-02,-3.329911038836899911e-03
-1.615072158122373217e-02,1.966156307601712918e-03,7.825118482192153779e-01,1.000000000000000000e+00,0.000000000000000000e+00,0.000000000000000000e+00,0.000000000000000000e+00,-9.672911702954581359e-02,2.779860878327966023e-01,4.224605658609897896e-01,1.647078185084423774e-01,2.458042338577608177e-02,-1.314729980014367750e-01,-3.804808752971566288e-01,-3.301844393170706993e-01,-3.016629946526313555e-01,7.909828826295685067e-01,-3.780942844565164385e-01,1.257821720098638574e-01,-1.407583018553572101e-03,3.546346371760720432e-03,6.270811050023794575e-02,-6.538094232080024493e-02,-5.124688319854120259e-03,1.526383692221705730e-02,1.386553228208021460e-01,4.803578070603705145e-04,-2.252565840228436256e-02,8.576801344981618141e-03,-6.676202877126859170e-02,-1.004193134972493177e-02,-1.497324424602064843e-02,1.345876433434709807e-01,1.020979093069386383e-03,-1.777150325301170286e-02,-3.784877452424764178e-03
-1.617110431325757824e-02,1.511126843489495920e-03,7.823792465486120173e-01,1.000000000000000000e+00,0.000000000000000000e+00,0.000000000000000000e+00,0.000000000000000000e+00,-9.788051388409103881e-02,2.791622347149615435e-01,4.219073464730825895e-01,1.670514865335161470e-01,2.372833500359809028e-02,-1.321359286907907438e-01,-3.862169760770677862e-01,-3.482532509218110861e-01,-3.147015642470786800e-01,8.081736429278721934e-01,-3.841527688322129985e-01,1.308291785354432357e-01,-9.250008448845037628e-04,2.506115292800822382e-03,6.256535662967147027e-02,-6.575394220881775054e-02,-3.457241451307165904e-03,1.513373574307812393e-02,1.380303517753270204e-01,3.788150066171226595e-04,-2.231623149931881434e-02,8.222590660630415063e-03,-6.657618172600930639e-02,-8.342496769532836351e-03,-1.517115935925559406e-02,1.345539210839987176e-01,8.419414690023320014e-04,-1.773769982360091924e-02,-4.209554868574399804e-03
-1.617275953547129760e-02,1.110335405000231757e-03,7.822631744397642306e-01,1.000000000000000000e+00,0.000000000000000000e+00,0.000000000000000000e+00,0.000000000000000000e+00,-9.885085263766686670e-02,2.801897646898169891e-01,4.214262538034504457e-01,1.690743002293071118e-01,2.297687949754104869e-02,-1.327312384248958699e-01,-3.908611231028029098e-01,-3.637638966845218036e-01,-3.257313990911348545e-01,8.225547040789491504e-01,-3.890131206883226112e-01,1.350591187670905080e-01,-4.954264652121496016e-04,1.595652451334698919e-03,6.237706363545639232e-02,-6.602041801570153468e-02,-2.004385810877977198e-03,1.501423989572367099e-02,1.374829627566658552e-01,2.860159477276518142e-04,-2.210601648114698947e-02,7.895130284947744423e-03,-6.634455868536691392e-02,-6.853786562528053385e-03,-1.532212815401775771e-02,1.345295742133462424e-01,6.764444186203656976e-04,-1.771808388002906257e-02,-4.589179067593772247e-03
-1.616344377891234044e-02,7.732262769730640717e-04,7.821660185819803157e-01,1.000000000000000000e+00,0.000000000000000000e+00,0.000000000000000000e+00,0.000000000000000000e+00,-9.963760532756134325e-02,2.810481877229407677e-01,4.210257769902540637e-01,1.707469846168338801e-01,2.234497307689141052e-02,-1.332394464455901040e-01,-3.945011472475103975e-01,-3.765424062213499901e-01,-3.347143701784182634e-01,8.341581263581991923e-01,-3.927917466011814907e-01,1.384726725985024332e-01,-1.311273322695035305e-04,8.336254896820774951e-04,6.217767434654865311e-02,-6.620397788894413771e-02,-7.927072161727118094e-04,1.491049710642004290e-02,1.370245664576268951e-01,2.056780777545927136e-04,-2.191226540323534464e-02,7.609512453603264025e-03,-6.610513709129980930e-02,-5.606959078754595628e-03,-1.543378608530925761e-02,1.345125166546655426e-01,5.321349457333816608e-04,-1.770817478339897430e-02,-4.912134425676959251e-03
-1.614959053309183643e-02,5.054278659448179379e-04,7.820891258712602268e-01,1.000000000000000000e+00,0.000000000000000000e+00,0.000000000000000000e+00,0.000000000000000000e+00,-1.002445110502228898e-01,2.817264181541950796e-01,4.207102281598303350e-01,1.720575983312948032e-01,2.184352470256591822e-02,-1.336476758528659936e-01,-3.972332175070356630e-01,-3.865310794534823624e-01,-3.416751531366101213e-01,8.430822642052573368e-01,-3.956086181698843518e-01,1.410959784514988491e-01,1.600854610206183242e-04,2.305407406959114776e-04,6.199462091398823954e-02,-6.632545671055681269e-02,1.636512976121771805e-04,1.482612985153169104e-02,1.366616325449134250e-01,1.404382129557157780e-04,-2.174813018680424662e-02,7.376456947226477795e-03,-6.588806705535871222e-02,-4.619695764979341208e-03,-1.551326552661036300e-02,1.345009622607103161e-01,4.144167448745812569e-04,-1.770423964158801891e-02,-5.170890033624860743e-03
-1.613594876789551172e-02,3.081505573909494589e-04,7.820326299034821016e-01,1.000000000000000000e+00,0.000000000000000000e+00,0.000000000000000000e+00,0.000000000000000000e+00,-1.006819015745479273e-01,2.822240432027475210e-01,4.204791569154950337e-01,1.730132537921428015e-01,2.147449175019970971e-02,-1.339508075079234029e-01,-3.991610580004543718e-01,-3.938023495202164770e-01,-3.467104225839042209e-01,8.495011616443551850e-01,-3.975857226654312959e-01,1.429807156129497270e-01,3.755771088157380355e-04,-2.125278618122740848e-04,6.184663742233046518e-02,-6.640202840266658246e-02,8.648842067572892495e-04,1.476294076063804084e-02,1.363949012324461030e-01,9.160111093223141090e-05,-2.162172704347277777e-02,7.201485328594831557e-03,-6.571385868594274704e-02,-3.894126706485381839e-03,-1.556690040773368519e-02,1.344934877274992224e-01,3.260636975525534509e-04,-1.770338837521517536e-02,-5.362680740812495427e-03
-1.612539347095378814e-02,1.776976204509108802e-04,7.819953372113653822e-01,1.000000000000000000e+00,0.000000000000000000e+00,0.000000000000000000e+00,0.000000000000000000e+00,-1.009667562252830469e-01,2.825521884769538472e-01,4.203269838048078744e-01,1.736406968008268326e-01,2.123068486319359613e-02,-1.341523316573396407e-01,-4.003980975314095914e-01,-3.985715471919114572e-01,-3.499990666859566502e-01,8.536768568407313573e-01,-3.988495587764378514e-01,1.442054834449723877e-01,5.185076445719570895e-04,-5.049787274203430387e-04,6.174292201034344008e-02,-6.644691110494750641e-02,1.327125551258483268e-03,1.472069250313753734e-02,1.362187998782294629e-01,5.895280958008072939e-05,-2.153568188213874843e-02,7.084310650381529795e-03,-6.559227673795355040e-02,-3.415096501925823230e-03,-1.560017307342378111e-02,1.344890003217968089e-01,2.669091010219165963e-04,-1.770373279619810378e-02,-5.490031122089539251e-03
-1.611901437783014313e-02,1.052019158774736182e-04,7.819746348538618719e-01,1.000000000000000000e+00,0.000000000000000000e+00,0.000000000000000000e+00,0.000000000000000000e+00,-1.011235832891987790e-01,2.827342349555819756e-01,4.202426289221161682e-01,1.739878546648908897e-01,2.109528129619406278e-02,-1.342646822916219451e-01,-4.010729241735260797e-01,-4.012087930161213345e-01,-3.518129851488593363e-01,8.559744159526224694e-01,-3.995373691844300024e-01,1.448788559125931685e-01,5.980827091169002878e-04,-6.673213834274513727e-04,6.168332615326294066e-02,-6.646993324486144550e-02,1.583516151295593982e-03,1.469705930638368248e-02,1.361210289177291755e-01,4.068931445335136114e-05,-2.148703947497486097e-02,7.018700815285727063e-03,-6.552257588244206343e-02,-3.149144271968387903e-03,-1.561792937386070890e-02,1.344866565963508120e-01,2.337914768979531058e-04,-1.770422527390429907e-02,-5.560978785948952896e-03
-1.611639005029259428e-02,7.650705496982414798e-05,7.819664462867599308e-01,1.000000000000000000e+00,0.000000000000000000e+00,0.000000000000000000e+00,0.000000000000000000e+00,-1.011853468180951149e-01,2.828062196257096761e-01,4.202092881736204100e-01,1.741249119437504322e-01,2.104173309768194930e-02,-1.343092212425429643e-01,-4.013375725378758307e-01,-4.022500867731502172e-01,-3.525283080376205858e-01,8.568793505945561106e-01,-3.998067886935424142e-01,1.451439663649662093e-01,6.296083985887870101e-04,-7.315433907862422050e-04,6.165936433651756504e-02,-6.647867433191237407e-02,1.684904312110018692e-03,1.468767531464264427e-02,1.360823499492099520e-01,3.343617165536348336e-05,-2.146763348454571244e-02,6.992635004217677072e-03,-6.549457299664311616e-02,-3.043926445957192365e-03,-1.562481516959806152e-02,1.344857582417769148e-01,2.206347380788588428e-04,-1.770448595470034553e-02,-5.589095539202709045e-03
-1.613439080076409932e-02,-2.618124216011724438e-05,7.821016477104687503e-01,1.000000000000000000e+00,0.000000000000000000e+00,0.000000000000000000e+00,0.000000000000000000e+00,-1.015257523633594366e-01,2.830965347869120463e-01,4.200638810061811390e-01,1.747831066654041698e-01,2.079659433636942001e-02,-1.344507191922286737e-01,-4.009561406425262153e-01,-4.021006637295480579e-01,-3.529141203101806012e-01,8.561691936073154707e-01,-3.994702022193589164e-01,1.449934285198572481e-01,7.695546986632931111e-04,-9.224635901684903518e-04,6.220731554624440302e-02,-6.661346100364068379e-02,1.959491795396654627e-03,1.475467986117446305e-02,1.363072418786432094e-01,-2.234375806933405761e-05,-2.211161877061829789e-02,6.813876847994272852e-03,-6.546993708349087282e-02,-2.742653111408160319e-03,-1.561673960787528757e-02,1.348820769314923451e-01,1.304523626182391507e-04,-1.867272401586038758e-02,-5.745920533761770740e-03
-1.612624032946784192e-02,-2.501667356526886716e-05,7.821024612595847136e-01,1.000000000000000000e+00,0.000000000000000000e+00,0.000000000000000000e+00,0.000000000000000000e+00,-1.015150140053415334e-01,2.830961989797133316e-01,4.200653878546036779e-01,1.747888395928894056e-01,2.078116340561799585e-02,-1.344549463678202106e-01,-4.008652736661578175e-01,-4.020986820772977643e-01,-3.529673750953643552e-01,8.560145404310187667e-01,-3.993735428461316905e-01,1.449952943732798760e-01,7.671608697295343978e-04,-9.215080444112605041e-04,6.221578870915202980e-02,-6.661700369204019700e-02,1.959209354792745914e-03,1.475320429299770489e-02,1.363107775818371004e-01,-2.047219278586023632e-05,-2.212615067008630657e-02,6.818321150855745881e-03,-6.547616383094985448e-02,-2.743545870199268991e-03,-1.562051179548635226e-02,1.348825119358513236e-01,1.324447786186322776e-04,-1.867549782035739236e-02,-5.742157176693244575e-03
-1.607213068408817544e-02,-1.567620887901096448e-05,7.821055382823056679e-01,1.000000000000000000e+00,0.000000000000000000e+00,0.000000000000000000e+00,0.000000000000000000e+00,-1.014383689356913032e-01,2.830891223692914016e-01,4.200776487494066735e-01,1.748153069172228569e-01,2.068463275564066950e-02,-1.344802104531526155e-01,-4.002726469586660452e-01,-4.020905321436616942e-01,-3.533141478286783710e-01,8.550080047745749479e-01,-3.987419866624454801e-01,1.450108189638333878e-01,7.490865064638781504e-04,-9.121476756976684783e-04,6.226227786026778538e-02,-6.663795936331984304e-02,1.952961277825219014e-03,1.474228826079173986e-02,1.363302416329917055e-01,-7.192459705708424483e-06,-2.221118433333412259e-02,6.850574853032642686e-03,-6.551741925538719091e-02,-2.754232000841058247e-03,-1.564551302242513445e-02,1.348787232612576326e-01,1.470590806357404377e-04,-1.867754920368066424e-02,-5.714749475769421994e-03
-1.593491402963916753e-02,7.945579032836746537e-06,7.821133040090235689e-01,1.000000000000000000e+00,0.000000000000000000e+00,0.000000000000000000e+00,0.000000000000000000e+00,-1.012440861753441251e-01,2.830713099281682577e-01,4.201086882053496341e-01,1.748825813983720667e-01,2.043981125984438429e-02,-1.345443752695063833e-01,-3.987686437669802353e-01,-4.020678531875316319e-01,-3.541942014746513601e-01,8.524523914121111545e-01,-3.971389453893275356e-01,1.450499183856826801e-01,7.033356002974800467e-04,-8.885174709177986975e-04,6.237963784183318122e-02,-6.669071755939830204e-02,1.937245075476328945e-03,1.471457243473741142e-02,1.363794425089523421e-01,2.645371306682286905e-05,-2.242642476141731497e-02,6.932220393151615652e-03,-6.562155339559563871e-02,-2.781149563248988803e-03,-1.570875415930146624e-02,1.348690874289953656e-01,1.840340402779871835e-04,-1.868265780644591881e-02,-5.645356701036672968e-03
-1.568611486198179944e-02,5.053027208419204233e-05,7.821272706665387542e-01,1.000000000000000000e+00,0.000000000000000000e+00,0.000000000000000000e+00,0.000000000000000000e+00,-1.008917456279603830e-01,2.830393463793714481e-01,4.201648761125504894e-01,1.750043105770776597e-01,1.999623359090166655e-02,-1.346610789994303614e-01,-3.960373691793649953e-01,-4.020193138540629207e-01,-3.557923156242364660e-01,8.478070907911204879e-01,-3.942269694875161767e-01,1.451198264538279270e-01,6.207019358900133605e-04,-8.460773383703550478e-04,6.259051696342773918e-02,-6.678492544467604097e-02,1.909232194728066644e-03,1.466419198357757706e-02,1.364681201330386895e-01,8.734968089412015950e-05,-2.281535907470065225e-02,7.079697450201591531e-03,-6.580852494992232848e-02,-2.829263027855309903e-03,-1.582282315350823365e-02,1.348515745538147459e-01,2.507482980022515836e-04,-1.869173403418861179e-02,-5.519951177594437791e-03
-1.530513327748389205e-02,1.150974351243262450e-04,7.821483660785927272e-01,1.000000000000000000e+00,0.000000000000000000e+00,0.000000000000000000e+00,0.000000000000000000e+00,-1.003520803194918598e-01,2.829912945097390331e-01,4.202506593550400793e-01,1.751901681358856988e-01,1.931778929936479872e-02,-1.348407276530354526e-01,-3.918443169095262579e-01,-4.019263001397554991e-01,-3.582455080191085384e-01,8.406647474908719442e-01,-3.897543697734575652e-01,1.452243849536316023e-01,4.950105491380904065e-04,-7.821537641158690527e-04,6.290861028599370464e-02,-6.692556735326296580e-02,1.867617119938114797e-03,1.458673501942719247e-02,1.366025480263629854e-01,1.803019157967972359e-04,-2.340750820810100219e-02,7.304076691896373152e-03,-6.609019259277558456e-02,-2.901132204601989274e-03,-1.599598758049729577e-02,1.348246662718757538e-01,3.520681462828190601e-04,-1.870517863618321314e-02,-5.329006006946279336e-03
-1.477845656119637467e-02,2.028495181201680618e-04,7.821771268474777550e-01,1.000000000000000000e+00,0.000000000000000000e+00,0.000000000000000000e+00,0.000000000000000000e+00,-9.960633750697629740e-02,2.829272435105570360e-01,4.203684697073546417e-01,1.754472218154950192e-01,1.838093491500573939e-02,-1.350913264215659049e-01,-3.860251765997414486e-01,-4.017595428720787121e-01,-3.616494383855243244e-01,8.307302720000869778e-01,-3.835430748112087507e-01,1.453636106231669389e-01,3.232571597455285170e-04,-6.963272174969053086e-04,6.333945494160461709e-02,-6.711303117131334206e-02,1.813249579236883569e-03,1.447915169226990026e-02,1.367859104146684490e-01,3.080715064069190420e-04,-2.422001730429538049e-02,7.610983678744334159e-03,-6.647021286404071472e-02,-2.996234690060421962e-03,-1.623233344853763915e-02,1.347878970256902453e-01,4.902823667522244891e-04,-1.872430884706445531e-02,-5.067559883475094423e-03
-1.409883502118508374e-02,3.135174907475434870e-04,7.822131721806223625e-01,1.000000000000000000e+00,0.000000000000000000e+00,0.000000000000000000e+00,0.000000000000000000e+00,-9.864413670086136232e-02,2.828484494615329248e-01,4.205192758106369721e-01,1.757781889360319205e-01,1.717443524677941119e-02,-1.354184684887013990e-01,-3.784781573385677667e-01,-4.014784948358953720e-01,-3.660624637912873180e-01,8.178070307636374769e-01,-3.754799829689050572e-01,1.455343903270359673e-01,1.050738964052113592e-04,-5.898972384997445105e-04,6.387852682725589371e-02,-6.734272813345953956e-02,1.748456004506110557e-03,1.433934874612344430e-02,1.370174655747208037e-01,4.716611812550323686e-04,-2.525580355678369929e-02,8.001419740048270127e-03,-6.694426763197770802e-02,-3.111766100999488038e-03,-1.653200936422703424e-02,1.347403355335030639e-01,6.655108741278513906e-04,-1.874771169639432092e-02,-4.734520283832609200e-03
-1.326466168382308027e-02,4.449642622288108268e-04,7.822556386863895872e-01,1.000000000000000000e+00,0.000000000000000000e+00,0.000000000000000000e+00,0.000000000000000000e+00,-9.746385975683942438e-02,2.827585826830306126e-01,4.207021273098159320e-01,1.761844441014275009e-01,1.569702067442833512e-02,-1.358264447328154656e-01,-3.691548161128018202e-01,-4.010297648478622912e-01,-3.715106528271558961e-01,8.017801333912870643e-01,-3.655073757889572561e-01,1.457299335435537635e-01,-1.567588707099752904e-04,-4.667109218953262545e-04,6.451347606578845817e-02,-6.760599648581260002e-02,1.678333434851555757e-03,1.416632906019094432e-02,1.372933205971229587e-01,6.701523559585387171e-04,-2.650617280952930963e-02,8.471276354334400169e-03,-6.750039284072502366e-02,-3.241321905389864776e-03,-1.689147080349073446e-02,1.346819023455182451e-01,8.754804699447108450e-04,-1.877448736847191560e-02,-4.333138493951041795e-03
-1.227934760211603187e-02,5.931469651099701475e-04,7.823030796690562116e-01,1.000000000000000000e+00,0.000000000000000000e+00,0.000000000000000000e+00,0.000000000000000000e+00,-9.607196284327923497e-02,2.826639507085001446e-01,4.209141676128212439e-01,1.766667208589534355e-01,1.395621846273581781e-02,-1.363187294187925558e-01,-3.580540287653520282e-01,-4.003480431680607188e-01,-3.779907269876213172e-01,7.826062010944739855e-01,-3.536165559979675410e-01,1.459400992095985783e-01,-4.562840217472083609e-04,-3.333343688012167967e-04,6.522443438248722025e-02,-6.789076499443547075e-02,1.611110360922818124e-03,1.396012126005571029e-02,1.376062714729033853e-01,9.007168224732307708e-04,-2.795083609191373678e-02,9.011496895821577424e-03,-6.811962930667821159e-02,-3.374649223909322471e-03,-1.730381513880636588e-02,1.346131621354473562e-01,1.115654780049176505e-03,-1.880373441649049390e-02,-3.870943655211543395e-03
-1.115080964445920933e-02,7.520307954145938854e-04,7.823533814358877292e-01,1.000000000000000000e+00,0.000000000000000000e+00,0.000000000000000000e+00,0.000000000000000000e+00,-9.448405675834044282e-02,2.825745154252717328e-01,4.211501491982150847e-01,1.772293502696106471e-01,1.196548372662853757e-02,-1.368985069922687980e-01,-3.452173976409629308e-01,-3.993581867680863207e-01,-3.854721750447159256e-01,7.603061049699466611e-01,-3.398430537070864510e-01,1.461517448536303609e-01,-7.842297572105105504e-04,-1.993172657842094903e-04,6.598475725000951808e-02,-6.818273168814960317e-02,1.558661822736119064e-03,1.372179647943283856e-02,1.379456800424922747e-01,1.158567619505522723e-03,-2.955790463701533227e-02,9.608170168161862118e-03,-6.877706244254797041e-02,-3.497310199310326492e-03,-1.775922164463505579e-02,1.345352000539004611e-01,1.379374646860517242e-03,-1.883418560623912469e-02,-3.359786955221197302e-03
-9.890868849794410764e-03,9.132746194374778172e-04,7.824039458812337422e-01,1.000000000000000000e+00,0.000000000000000000e+00,0.000000000000000000e+00,0.000000000000000000e+00,-9.272139060405079625e-02,2.825032249364115011e-01,4.214031358968386987e-01,1.778745082186297954e-01,9.746598581823966156e-03,-1.375694795494970812e-01,-3.307250400822646652e-01,-3.979778632839668373e-01,-3.938991769767798967e-01,7.349594249251808487e-01,-3.242631537295679878e-01,1.463488980244784521e-01,-1.127644935531572261e-03,-7.785766004610529306e-05,6.676244088296535983e-02,-6.846622277843943116e-02,1.537604561740672348e-03,1.345358063660687109e-02,1.382976553264282649e-01,1.436764886281192196e-03,-3.128516238038620695e-02,1.024219076978125781e-02,-6.944232416948169229e-02,-3.589619226647985592e-03,-1.824520444372695199e-02,1.344502803731112694e-01,1.657713811188348376e-03,-1.886582702554425936e-02,-2.816191205595031458e-03
-8.514921306602521098e-03,1.066234490787985011e-03,7.824514773354480646e-01,1.000000000000000000e+00,0.000000000000000000e+00,0.000000000000000000e+00,0.000000000000000000e+00,-9.081499698990068425e-02,2.824681603785389461e-01,4.216632360434767191e-01,1.786126719234540083e-01,7.323727973585135616e-03,-1.383362041948839327e-01,-3.146942012291871760e-01,-3.961221559814724902e-01,-4.031912090746259669e-01,7.067041421581502503e-01,-3.069925098670554520e-01,1.465133308847995086e-01,-1.469839886612298030e-03,1.408522833230636008e-05,6.752102539715730545e-02,-6.872609641445558137e-02,1.569635312792642479e-03,1.315894951933356191e-02,1.386447065787908273e-01,1.726164721881926064e-03,-3.307931485260011406e-02,1.088954413429807713e-02,-7.008143680968632883e-02,-3.626650289256090360e-03,-1.874724802660165945e-02,1.343613297154390984e-01,1.939786672408702053e-03,-1.889853017955814979e-02,-2.261316732089124759e-03
-7.041465439007985570e-03,1.197756718845000359e-03,7.824921009104057745e-01,1.000000000000000000e+00,0.000000000000000000e+00,0.000000000000000000e+00,0.000000000000000000e+00,-8.880370858445629789e-02,2.824923145158733107e-01,4.219179528625706110e-01,1.794598637146520015e-01,4.724347333788306291e-03,-1.392046883894287046e-01,-2.972780293905474269e-01,-3.937085784967843671e-01,-4.132439072740756170e-01,6.757381368013795075e-01,-2.881860849910721778e-01,1.466248812302291538e-01,-1.790170416475973933e-03,5.531488792498908823e-05,6.822123733324013395e-02,-6.894906964872368760e-02,1.682393885000742955e-03,1.284280519248653593e-02,1.389658146986424425e-01,2.015250226585913775e-03,-3.487693809638442444e-02,1.152117522177958757e-02,-7.065793854775105631e-02,-3.577527711415460446e-03,-1.924919414217502248e-02,1.342723209566527021e-01,2.212737539942151097e-03,-1.893301557118338974e-02,-1.721180226210000490e-03
-5.491754309753374592e-03,1.292198981173665363e-03,7.825213570965556809e-01,1.000000000000000000e+00,0.000000000000000000e+00,0.000000000000000000e+00,0.000000000000000000e+00,-8.673480121315048363e-02,2.826041339261075591e-01,4.221519192908294582e-01,1.804403683632166133e-01,1.977308075945888137e-03,-1.401826321234483641e-01,-2.786663506642416133e-01,-3.906636032911581791e-01,-4.239294164458675129e-01,6.423252592555080964e-01,-2.680400358931286919e-01,1.466619647361127599e-01,-2.064121078692506429e-03,2.033204339189372380e-05,6.882263103968638829e-02,-6.912545294039341981e-02,1.909768616808850579e-03,1.251165034209019387e-02,1.392364117550188574e-01,2.290080228838306704e-03,-3.660495285988021180e-02,1.210328064960655529e-02,-7.113472223928142546e-02,-3.405416922140376296e-03,-1.973380946902356103e-02,1.341881533141215666e-01,2.461966899385019912e-03,-1.897060917558596183e-02,-1.226557462662346666e-03
-3.889486034736887136e-03,1.331665530894985631e-03,7.825342552099645577e-01,1.000000000000000000e+00,0.000000000000000000e+00,0.000000000000000000e+00,0.000000000000000000e+00,-8.466403420132502522e-02,2.828374358594562543e-01,4.223469040896418725e-01,1.815880202399925425e-01,-8.884564454792111699e-04,-1.412793236312621104e-01,-2.590879567684585827e-01,-3.869305268419840349e-01,-4.350966661174464623e-01,6.068055792539815974e-01,-2.467954446303669835e-01,1.466022111760074409e-01,-2.263739999817060596e-03,-1.203303639035525907e-04,6.928561591159460020e-02,-6.925088784588015467e-02,2.291649411300855990e-03,1.217375710253490798e-02,1.394286207219350981e-01,2.534374385509626220e-03,-3.818174337491477000e-02,1.259797005107326368e-02,-7.147625026833323569e-02,-3.068101072828520719e-03,-2.018343446095057989e-02,1.341144476858404655e-01,2.671491177783715497e-03,-1.901291441889438674e-02,-8.125413958096879344e-04
-2.260548437920697779e-03,1.296657730858278732e-03,7.825253997173389209e-01,1.000000000000000000e+00,0.000000000000000000e+00,0.000000000000000000e+00,0.000000000000000000e+00,-8.265528741889051345e-02,2.832304728323769560e-01,4.224821207250875066e-01,1.829464943766106466e-01,-3.844940226255974276e-03,-1.425048947469150784e-01,-2.388144804818586597e-01,-3.824789347611953216e-01,-4.465716710927240540e-01,5.696100426519113968e-01,-2.247437934512673541e-01,1.464234169192930868e-01,-2.358707897674820579e-03,-3.989966056241847398e-04,6.957399005068161391e-02,-6.932802664762358069e-02,2.872581907318348411e-03,1.183926973128192860e-02,1.395119867894649979e-01,2.729882250727686324e-03,-3.951933176135270093e-02,1.296464276965117804e-02,-7.165138661363590344e-02,-2.519704579121727784e-03,-2.058080525515741319e-02,1.340571176017076038e-01,2.824581118478332233e-03,-1.906113410966150945e-02,-5.174300506370452680e-04
-6.328011170807274930e-04,1.167406712823193873e-03,7.824892546747799216e-01,1.000000000000000000e+00,0.000000000000000000e+00,0.000000000000000000e+00,0.000000000000000000e+00,-8.077932473806449798e-02,2.838235387870148840e-01,4.225350849428586297e-01,1.845676790598642925e-01,-6.865530272360601850e-03,-1.438685554031177705e-01,-2.181653724234306480e-01,-3.773158502727720909e-01,-4.581581291934863076e-01,5.312785633067467206e-01,-2.022334478008250003e-01,1.461051052012351525e-01,-2.318416505006911515e-03,-8.484625428116119791e-04,6.965816750815065350e-02,-6.936789044946678473e-02,3.698573567468516326e-03,1.152013207489991503e-02,1.394551153378225661e-01,2.857252638759572808e-03,-4.052746237235362037e-02,1.316252584680735645e-02,-7.163699529352218764e-02,-1.714286485317728257e-03,-2.091014530587224571e-02,1.340216450860314268e-01,2.904850323221508639e-03,-1.911499859228120782e-02,-3.804927160633825951e-04
9.641698273385526652e-04,9.262203606097397200e-04,7.824206451113879801e-01,1.000000000000000000e+00,0.000000000000000000e+00,0.000000000000000000e+00,0.000000000000000000e+00,-7.911087625957977099e-02,2.846542972361160162e-01,4.224833910347603472e-01,1.865066535496029965e-01,-9.924495520078046792e-03,-1.453753582964474045e-01,-1.975124095970421101e-01,-3.714981262681141816e-01,-4.696389050418741662e-01,4.924781043607890929e-01,-1.796751242529603110e-01,1.456310968618889368e-01,-2.115505678384548786e-03,-1.497715457458715597e-03,6.951922030108506623e-02,-6.939037284875473888e-02,4.811089677711107883e-03,1.122965612671310114e-02,1.392287839947537187e-01,2.897699974465805031e-03,-4.112079573942725025e-02,1.315491672893966818e-02,-7.142228094242060454e-02,-6.121885762217344450e-04,-2.115862347692929954e-02,1.340120283903363518e-01,2.897998957218934912e-03,-1.917139585131146656e-02,-4.380351334982256878e-04
2.499473261278932403e-03,5.611147058017741576e-04,7.823156116521091663e-01,1.000000000000000000e+00,0.000000000000000000e+00,0.000000000000000000e+00,0.000000000000000000e+00,-7.772289448367852849e-02,2.857500221028751453e-01,4.223078479350174108e-01,1.888113481163854468e-01,-1.299490201774485161e-02,-1.470211834408002294e-01,-1.772802886063526429e-01,-3.651443974011107096e-01,-4.807795446481561430e-01,4.540129609395824328e-01,-1.575422027697265526e-01,1.449934639172662798e-01,-1.731189776708760841e-03,-2.365263093195652411e-03,6.915358240974092685e-02,-6.942301078418702809e-02,6.237397599633335600e-03,1.098148070568865514e-02,1.388110887152230466e-01,2.835770040858401776e-03,-4.123046297545571170e-02,1.291554918663080469e-02,-7.101339748570835442e-02,8.101774950181335044e-04,-2.131820088709320341e-02,1.340294910709441678e-01,2.794359835924965264e-03,-1.922309147316199340e-02,-7.172565622144714756e-04
3.941760849619413767e-03,7.061591982382583142e-05,7.821726833187806482e-01,1.000000000000000000e+00,0.000000000000000000e+00,0.000000000000000000e+00,0.000000000000000000e+00,-7.667688907273156884e-02,2.871166308711449733e-01,4.219972415896817153e-01,1.915053668979484480e-01,-1.604441951776252109e-02,-1.487862519098410718e-01,-1.579375740060563471e-01,-3.584427811894179139e-01,-4.913356091707519191e-01,4.168139795930880243e-01,-1.363593296963038770e-01,1.441978213477506099e-01,-1.162125106042979699e-03,-3.450305234136309164e-03,6.857765913166509464e-02,-6.949695381235919400e-02,7.977423673299286963e-03,1.078769890165978684e-02,1.381947024206738872e-01,2.663276307083767714e-03,-4.082033032910362125e-02,1.243683249485781801e-02,-7.043705667384306257e-02,2.547507889453029528e-03,-2.138767038107905125e-02,1.340712889637029337e-01,2.592120212442625832e-03,-1.925836339488253349e-02,-1.227996838899142072e-03
5.260784737658762318e-03,-5.312663205043254098e-04,7.819944348047411786e-01,1.000000000000000000e+00,0.000000000000000000e+00,0.000000000000000000e+00,0.000000000000000000e+00,-7.600943137974416897e-02,2.887262995683549938e-01,4.215542732025661099e-01,1.945650084113306200e-01,-1.902920073184079588e-02,-1.506287951041578865e-01,-1.399713851715890800e-01,-3.516482039815114757e-01,-5.010657381851770786e-01,3.818907298261414174e-01,-1.166721541169376541e-01,1.432688605291065342e-01,-4.273070074117236126e-04,-4.723646152641379319e-03,6.783070252447963300e-02,-6.963956443392155249e-02,9.989731171175309996e-03,1.065621120167118893e-02,1.373950128672316584e-01,2.383815300409975607e-03,-3.990564718543299083e-02,1.173822191736822833e-02,-6.974099071532195715e-02,4.552586119417713524e-03,-2.137430870384740556e-02,1.341302681286491993e-01,2.300502758482407366e-03,-1.926270618476628310e-02,-1.953943412598403012e-03
6.429759917189409660e-03,-1.212086778545706876e-03,7.817888176474920847e-01,1.000000000000000000e+00,0.000000000000000000e+00,0.000000000000000000e+00,0.000000000000000000e+00,-7.571794385843430564e-02,2.905084733660583396e-01,4.210008277982155711e-01,1.978972333970599740e-01,-2.188784574675561173e-02,-1.524821571427315003e-01,-1.238430489885130464e-01,-3.450631004438999838e-01,-5.097508939913217851e-01,3.502382822823045805e-01,-9.899589384746020071e-02,1.422535306870104377e-01,4.281347852894638178e-04,-6.122468353864875604e-03,6.697366721199843331e-02,-6.986486762012147911e-02,1.218266467337199808e-02,1.058797609283571549e-02,1.364558889764913019e-01,2.016223375829400734e-03,-3.856736519169247368e-02,1.087102666740881636e-02,-6.898906020679231033e-02,6.729085703831460229e-03,-2.129418981871326888e-02,1.341959203328959294e-01,1.941449547596151839e-03,-1.922332091551567923e-02,-2.846940711176423368e-03
7.428184855780880190e-03,-1.922649865521661953e-03,7.815694444961959197e-01,1.000000000000000000e+00,0.000000000000000000e+00,0.000000000000000000e+00,0.000000000000000000e+00,-7.575208886974903189e-02,2.923508021766779152e-01,4.203795692782973936e-01,2.013306280812677818e-01,-2.453930806765762182e-02,-1.542589956302825582e-01,-1.099312958050211175e-01,-3.390000018427148931e-01,-5.172170262532199692e-01,3.227107989787255105e-01,-8.375109831215366007e-02,1.412186623501558158e-01,1.335807098333652038e-03,-7.553794676084232829e-03,6.608240180162477939e-02,-7.016551874072927963e-02,1.441816576073024977e-02,1.057543825261122138e-02,1.354487908652103056e-01,1.594661465276739050e-03,-3.695265501376123612e-02,9.915353457310283405e-03,-6.825058979674557269e-02,8.937186728417714776e-03,-2.117030259943127740e-02,1.342571325686505446e-01,1.548141599445218997e-03,-1.913546941166411816e-02,-3.828935909960189989e-03
8.244277400774517248e-03,-2.604663606163552195e-03,7.813540713176403418e-01,1.000000000000000000e+00,0.000000000000000000e+00,0.000000000000000000e+00,0.000000000000000000e+00,-7.601797845490117223e-02,2.941145542666695478e-01,4.197490581911082486e-01,2.046317799526470582e-01,-2.688907088703705595e-02,-1.558641030293736740e-01,-9.848092573637406977e-02,-3.337341340071962592e-01,-5.233549037809952509e-01,2.999008574396719307e-01,-7.120731524839010729e-02,1.402412652163812778e-01,2.215144974277144692e-03,-8.909004239555255722e-03,6.523581594485805546e-02,-7.051136483130401866e-02,1.653248951567437217e-02,1.060346725999451040e-02,1.344623785692606599e-01,1.163680997109473167e-03,-3.525450243526587202e-02,8.967168142356258045e-03,-6.758695028912002634e-02,1.101527793525669541e-02,-2.102846417585782501e-02,1.343056906572855091e-01,1.159655399981240073e-03,-1.900752191292521057e-02,-4.804120189349988211e-03
8.876141445710533304e-03,-3.202420856945451325e-03,7.811611764790359347e-01,1.000000000000000000e+00,0.000000000000000000e+00,0.000000000000000000e+00,0.000000000000000000e+00,-7.639933520437898473e-02,2.956626675062765108e-01,4.191718719517605884e-01,2.075532574911147787e-01,-2.884707330681526155e-02,-1.572125955637314054e-01,-8.957601053864536200e-02,-3.294617435934952265e-01,-5.281308544540584959e-01,2.820687014374602675e-01,-6.145518639413515005e-02,1.393937379549322342e-01,2.989721486496118002e-03,-1.008567489213769812e-02,6.450221387934559902e-02,-7.085738844751308940e-02,1.836894205951404915e-02,1.065294879770449857e-02,1.335844513578008652e-01,7.691896815739877706e-04,-3.367270402736403240e-02,8.118959196893539912e-03,-6.704115509357976010e-02,1.281202955534523243e-02,-2.089243778164296891e-02,1.343383444566513818e-01,8.133039714335560215e-04,-1.886001654056456561e-02,-5.678357547987666724e-03
9.321309359871800607e-03,-3.461290269461454999e-03,7.810733631801322074e-01,1.000000000000000000e+00,0.000000000000000000e+00,0.000000000000000000e+00,0.000000000000000000e+00,-7.634092084758845043e-02,2.963653993173716028e-01,4.189434841785751318e-01,2.089375509888926619e-01,-2.999656734977125191e-02,-1.579211178042928265e-01,-8.388140913754475736e-02,-3.270219250002656119e-01,-5.312247822551361409e-01,2.707308829253730620e-01,-5.498166541188758555e-02,1.390265688854747939e-01,3.309729780919232461e-03,-1.061756550385053836e-02,6.420384451060871800e-02,-7.101510398437690941e-02,1.921622494778207901e-02,1.063792123818027742e-02,1.332096345790975411e-01,6.198825987485345702e-04,-3.311491419796482039e-02,7.796129796191571606e-03,-6.682799266618490164e-02,1.363697632017726695e-02,-2.087679216096514564e-02,1.343349604000829423e-01,6.825959901671781009e-04,-1.877430398683132412e-02,-6.020170380748287101e-03
9.592079136117192054e-03,-3.231894392467764797e-03,7.811407325911008392e-01,1.000000000000000000e+00,0.000000000000000000e+00,0.000000000000000000e+00,0.000000000000000000e+00,-7.548457116287367319e-02,2.958493836507724573e-01,4.192442817566061075e-01,2.080836420697273759e-01,-3.010067017416044252e-02,-1.577739805919054494e-01,-8.156119570603787006e-02,-3.268237846171381800e-01,-5.325586751585834611e-01,2.663305859154301292e-01,-5.182601878278307594e-02,1.393883991518591325e-01,2.969997500514570156e-03,-1.023313278982418591e-02,6.452404286695120894e-02,-7.085793816044455573e-02,1.865826263628772574e-02,1.050247545956170536e-02,1.335729518005426830e-01,8.422030432054197378e-04,-3.413334843035284449e-02,8.250268211518068523e-03,-6.705845718453158633e-02,1.308945185263080645e-02,-2.104875393114760684e-02,1.342883690097754767e-01,8.696865737491261657e-04,-1.881128994270084634e-02,-5.572931375973175921e-03
9.738703376777730139e-03,-3.073795089250343053e-03,7.811872537931329186e-01,1.000000000000000000e+00,0.000000000000000000e+00,0.000000000000000000e+00,0.000000000000000000e+00,-7.495434769684074239e-02,2.954895838875642999e-01,4.194437064380012181e-01,2.074842587347095757e-01,-3.011094084827961939e-02,-1.576438714829827559e-01,-8.034773519165780420e-02,-3.268060054889441179e-01,-5.332769052510368812e-01,2.640684118574730954e-01,-5.029869031913516281e-02,1.396389548269379166e-01,2.738841172481184388e-03,-9.962989935804496613e-03,6.474458102078246846e-02,-7.075646530784256150e-02,1.826314730804389982e-02,1.041897221049568369e-02,1.338205465274599215e-01,9.896091140956879938e-04,-3.480117526549452583e-02,8.553949311307464110e-03,-6.722074506967617991e-02,1.270091023317447727e-02,-2.115900298132075003e-02,1.342576223348178055e-01,9.948067329985923676e-04,-1.883492882758495968e-02,-5.273544187378657530e-03
9.796059821239213108e-03,-3.006731863492578555e-03,7.812069595796419241e-01,1.000000000000000000e+00,0.000000000000000000e+00,0.000000000000000000e+00,0.000000000000000000e+00,-7.473700345858584615e-02,2.953365793531406713e-01,4.195272116553538377e-01,2.072293383035004044e-01,-3.010819266579354767e-02,-1.575852217741941230e-01,-7.987726728889574246e-02,-3.268120016345653078e-01,-5.335587984292792241e-01,2.631977348750373369e-01,-4.973153956828273159e-02,1.397497747195307616e-01,2.641114926859064720e-03,-9.847765169189707027e-03,6.483825050239822030e-02,-7.071457681341197787e-02,1.809433043851925091e-02,1.038479585844367427e-02,1.339251812975146005e-01,1.051398177505820418e-03,-3.508013853737181748e-02,8.681683046625511546e-03,-6.729033155812076672e-02,1.253473220104106729e-02,-2.120482348193392097e-02,1.342446236181467356e-01,1.047435981039855895e-03,-1.884442428249032825e-02,-5.147633600469212964e-03
9.865322188637559719e-03,-4.274013902809349098e-03,7.808055648821690120e-01,1.000000000000000000e+00,0.000000000000000000e+00,0.000000000000000000e+00,0.000000000000000000e+00,-7.736136446797974020e-02,2.984528951212291892e-01,4.180858319357280140e-01,2.128898737914730610e-01,-3.221042181392062831e-02,-1.595320901543428871e-01,-7.558585013327974444e-02,-3.224261052801432603e-01,-5.356543115762365526e-01,2.538940088255769445e-01,-4.614013404743651237e-02,1.378894006322684829e-01,4.382887264821467080e-03,-1.217521583683499505e-02,6.320792816777570655e-02,-7.157075016266613299e-02,2.163602581122193655e-02,1.078750468962684506e-02,1.319846984737652884e-01,3.016555647088080874e-05,-3.066334967818473353e-02,6.570790921026662887e-03,-6.614369476373166412e-02,1.598983836960538030e-02,-2.063187537584063036e-02,1.343714501776986370e-01,1.832493096941266734e-04,-1.851415602746410080e-02,-7.280048392168328095e-03
9.819466886187049742e-03,-3.436415030264583330e-03,7.810701285268150107e-01,9.999999998954182123e-01,-1.198129973467828306e-11,1.446248913023297660e-05,3.057781516605836973e-12,-7.568426135081142425e-02,2.964055195078480476e-01,4.190326924467653313e-01,2.092043171993175077e-01,-3.084683572986000183e-02,-1.582443898208964472e-01,-7.842211304479584921e-02,-3.252667779490029387e-01,-5.343211329290782352e-01,2.599489931582282809e-01,-4.845788477585344367e-02,1.390620137356440023e-01,3.232573340466126949e-03,-1.063863806530659754e-02,6.432549055497133184e-02,-7.104338780009782084e-02,1.931282045586047921e-02,1.054230047022535616e-02,1.333381337872576455e-01,7.010920412097509458e-04,-3.363309077585000667e-02,7.974974250098137638e-03,-6.694157283794398283e-02,1.369071615821760082e-02,-2.103634141397414670e-02,1.343620678334847551e-01,7.630010746099403184e-04,-1.878256589486457240e-02,-5.875778867693367581e-03
9.768975591023930372e-03,-3.444187582877057414e-03,7.810481776068657345e-01,9.999999936388607180e-01,-9.344226087038490392e-11,1.127930785531444061e-04,2.384766465130053598e-11,-7.627821409009621911e-02,2.965427522077150324e-01,4.189273963016107438e-01,2.098313463137613522e-01,-3.107096196735053065e-02,-1.582132565684608305e-01,-7.897941413456094351e-02,-3.254011212929174279e-01,-5.342296230519342215e-01,2.605293232610927934e-01,-4.867571428280174223e-02,1.389989793502448001e-01,3.244480547913544503e-03,-1.065436189213428593e-02,6.456992769896194306e-02,-7.136571275559148997e-02,1.945227489797500195e-02,1.070676125802568976e-02,1.337839148778896536e-01,6.486027787339352681e-04,-3.382650957713440043e-02,8.016294751485030651e-03,-6.725589958708401428e-02,1.358905661468847240e-02,-2.120116732075814567e-02,1.348286881789875491e-01,8.120698284299200480e-04,-1.901508484278352507e-02,-5.938760334805877859e-03
9.635862826697214403e-03,-3.464513976588376801e-03,7.809901136791861376e-01,9.999999311796669010e-01,-3.073507400250118910e-10,3.709995438904819176e-04,7.843985483840685814e-11,-7.783997744261635099e-02,2.969033584573697593e-01,4.186502327918656952e-01,2.114802819411277790e-01,-3.166003195533358128e-02,-1.581310987098325793e-01,-8.044488526343471224e-02,-3.257545646875041334e-01,-5.339886579539158129e-01,2.620556363428817592e-01,-4.924815833072496152e-02,1.388331783920633555e-01,3.275656846761283540e-03,-1.069547886103319398e-02,6.521352686916896679e-02,-7.221531021137027329e-02,1.981843717647417680e-02,1.113899963906215401e-02,1.349521944570666876e-01,5.107265209450535630e-04,-3.433057447985733701e-02,8.125087518908507764e-03,-6.808464225674837333e-02,1.332161724888986966e-02,-2.163452012354928275e-02,1.360514495384537725e-01,9.411567887940492424e-04,-1.962148505026632336e-02,-6.104201308168345948e-03
9.383386929307312163e-03,-3.501971016287381156e-03,7.808792663532795331e-01,9.999996329602233169e-01,-7.097941430989150391e-10,8.567843478249091487e-04,1.811485781530879534e-10,-8.078656497862897468e-02,2.975821409329368339e-01,4.181263653569224359e-01,2.145924494281952477e-01,-3.277099657380774800e-02,-1.579743110327187228e-01,-8.320872709390800259e-02,-3.264220425583727603e-01,-5.335328805726659018e-01,2.649335257201539950e-01,-5.032483672705907046e-02,1.385207380453593318e-01,3.333347997095692863e-03,-1.077123101941491849e-02,6.643110689289612181e-02,-7.382581736755480795e-02,2.050595649618364852e-02,1.195348254361270485e-02,1.371418869183502198e-01,2.514069253026072386e-04,-3.526500313117780783e-02,8.331641924366061866e-03,-6.965714405606708570e-02,1.281526623571751025e-02,-2.245206071733667208e-02,1.383417139580412902e-01,1.185187937348238614e-03,-2.074546613151717622e-02,-6.414954553005453551e-03
8.976218839085585086e-03,-3.560030553664435531e-03,7.806984457060961446e-01,9.999986718083150317e-01,-1.350224921412083656e-09,1.629840975664088171e-03,3.445947350774043005e-10,-8.549724653212929792e-02,2.986637800779625151e-01,4.172861106782143614e-01,2.195700251300832240e-01,-3.454505323109587772e-02,-1.577197051906000791e-01,-8.762637205438235377e-02,-3.274910236162337229e-01,-5.328008341919271418e-01,2.695337590255896809e-01,-5.203985133814448272e-02,1.380215606933075378e-01,3.423237121785331800e-03,-1.088851100919978332e-02,6.838580373296086756e-02,-7.642103732975752406e-02,2.159798817453357708e-02,1.325319403354488675e-02,1.406033250074047447e-01,-1.615142469642280110e-04,-3.671290747672258797e-02,8.664427547427447709e-03,-7.219442805113077122e-02,1.200240368189560425e-02,-2.375864878533214333e-02,1.419590927842597772e-01,1.576258493775814810e-03,-2.248885339383926638e-02,-6.909000697725604066e-03
8.379205293714832650e-03,-3.640881994639115753e-03,7.804289194452403988e-01,9.999962403002844447e-01,-2.271705643007045774e-09,2.742149758092209816e-03,5.797684458432124640e-10,-9.232160939796840715e-02,3.002243737712667615e-01,4.160624837410666355e-01,2.267867389896533470e-01,-3.711153166554316540e-02,-1.573437161979770182e-01,-9.402160679237685226e-02,-3.290414391227348134e-01,-5.317340554688873011e-01,2.761919429481348720e-01,-5.450955596124027608e-02,1.372985116599345079e-01,3.549306257014633436e-03,-1.105138455201743787e-02,7.123281405524987953e-02,-8.022293173483674433e-02,2.316672713411191756e-02,1.513074496996932514e-02,1.455341895918959849e-01,-7.566930077699506041e-04,-3.871164313151097963e-02,9.150820019630193786e-03,-7.591734044920322999e-02,1.081927820960430081e-02,-2.564983404827448146e-02,1.471064824656739267e-01,2.144249993760105437e-03,-2.490152697163730208e-02,-7.619742643565063749e-03
7.554974811869967846e-03,-3.744499578460432423e-03,7.800487203367924005e-01,9.999910184816251935e-01,-3.511153299426812676e-09,4.238272771072233366e-03,8.960914006584775256e-10,-1.015845134131013461e-01,3.023293933617531848e-01,4.143902689223308844e-01,2.365873748315233671e-01,-4.058421545560444987e-02,-1.568192773383545457e-01,-1.026963389169183727e-01,-3.311493778698058055e-01,-5.302738999029238398e-01,2.852187220654405775e-01,-5.783355212169260379e-02,1.363167643165865417e-01,3.712290240198466186e-03,-1.125925231265938187e-02,7.512624082964636241e-02,-8.546225398208961987e-02,2.527257121418348060e-02,1.767013228677948369e-02,1.520703086940516369e-01,-1.559583258662406401e-03,-4.123906698693385192e-02,9.819345093080883435e-03,-8.105894403986685370e-02,9.201605670056527478e-03,-2.821395697206550632e-02,1.539191953648852695e-01,2.918353113597233883e-03,-2.796437262542761371e-02,-8.575291390021885091e-03
6.467940073046758026e-03,-3.867237812930348836e-03,7.795311970089445763e-01,9.999810538233456780e-01,-5.099582468083477036e-09,6.155647354344759466e-03,1.301478917865628227e-09,-1.135760637579609766e-01,3.050291581275989539e-01,4.122083273974457285e-01,2.492771263496672829e-01,-4.506186316121865015e-02,-1.561169159623143621e-01,-1.139263365789426885e-01,-3.338892957317615151e-01,-5.283604201781197940e-01,2.969007603031748044e-01,-6.209870558623012404e-02,1.350492016708481902e-01,3.908059200363377984e-03,-1.150377098957214642e-02,8.019260351079131321e-02,-9.236417636022041522e-02,2.796049247326914261e-02,2.094246358807582906e-02,1.602936722945253745e-01,-2.591509465963710412e-03,-4.420789105159871057e-02,1.070118402022284497e-02,-8.785131242054168565e-02,7.080506111491602708e-03,-3.152953503552793912e-02,1.624687939164843331e-01,3.926891609198287364e-03,-3.157801626896156177e-02,-9.795626247853588334e-03
5.081733859123892423e-03,-4.003473871967092729e-03,7.788443159689966144e-01,9.999636625688610447e-01,-7.062346976335442552e-09,8.524877821356637367e-03,1.802401619716719260e-09,-1.285570042859280337e-01,3.083606463893992511e-01,4.094577478507318014e-01,2.651206080929512932e-01,-5.062329912155210526e-02,-1.552051780427778638e-01,-1.279641509897024021e-01,-3.373294458274536667e-01,-5.259326975662785841e-01,3.114945983367605753e-01,-6.737364169539490633e-02,1.334718387288245101e-01,4.129028258920290455e-03,-1.177212851879946669e-02,8.654007981660050142e-02,-1.011577335263609545e-01,3.126690686408305220e-02,2.500894203647885394e-02,1.702209730292478795e-01,-3.871643635258769332e-03,-4.745318166211900252e-02,1.182783790462627743e-02,-9.653323788894743740e-02,4.384850061605978164e-03,-3.566540878088975131e-02,1.727557609487367363e-01,5.197035916566748737e-03,-3.555620929712473288e-02,-1.129563282117150742e-02
3.365175759410769709e-03,-4.145756940710073647e-03,7.779504759983886242e-01,9.999353591760318238e-01,-9.419379804931960316e-09,1.137002504395007683e-02,2.403946658812524500e-09,-1.467421207879171519e-01,3.123438293641844221e-01,4.060852028603869623e-01,2.843230205329422833e-01,-5.732440235779601850e-02,-1.540548507501094122e-01,-1.450240865353724928e-01,-3.415272204527919353e-01,-5.229314348798240752e-01,3.292100721245961870e-01,-7.370748575206660658e-02,1.315684543714448207e-01,4.364334906060450721e-03,-1.204710809829609604e-02,9.422485891526131974e-02,-1.120513422565202477e-01,3.522004613319532768e-02,2.991558579239408239e-02,1.818179230221637632e-01,-5.416301428096871422e-03,-5.073572047331378898e-02,1.322916464303811913e-02,-1.073246982840498492e-01,1.042018179754944894e-03,-4.067524962207591521e-02,1.847232698816364538e-01,6.752657959115038709e-03,-3.962922393071997840e-02,-1.308380043730460185e-02
1.289840331596448864e-03,-4.285440471692662963e-03,7.768068450347211940e-01,9.998918183703611184e-01,-1.218543111546871887e-08,1.470889377256708562e-02,3.109878465765166576e-09,-1.682958370334839970e-01,3.169779150246932464e-01,4.020452451258501592e-01,3.070085653430575379e-01,-6.518244919773902302e-02,-1.526375389298869623e-01,-1.652805159659366530e-01,-3.465234425733225154e-01,-5.193005882466539269e-01,3.501934551332433476e-01,-8.111791471168182388e-02,1.293271099532958268e-01,4.600271662762563107e-03,-1.230838926383819032e-02,1.032624355807445771e-01,-1.252376467041259878e-01,3.984404146775501199e-02,3.569538576559763005e-02,1.949928634670440031e-01,-7.239787185211826910e-03,-5.374130065243446636e-02,1.493209520534495398e-02,-1.204308383006485461e-01,-3.022334730118533992e-03,-4.659802057134751485e-02,1.982525721064295754e-01,8.613831818603145951e-03,-4.344560094906783215e-02,-1.516305771121157289e-02
-1.141930305403188184e-03,-4.414032514561049177e-03,7.753675803295938529e-01,9.998278723857614292e-01,-1.537030447290273519e-08,1.855331777773073371e-02,3.922699036216709115e-09,-1.932755784396250343e-01,3.222395922057917361e-01,3.973102210760132147e-01,3.331938661641039023e-01,-7.420011745460705632e-02,-1.509468719354556954e-01,-1.888131789402541227e-01,-3.523351129509847968e-01,-5.149963999048471353e-01,3.745038026472470860e-01,-8.961635636331694021e-02,1.267621492846235376e-01,4.822080379414383014e-03,-1.253594575010028023e-02,1.134936238199157066e-01,-1.407878053656057560e-01,4.515386069059781210e-02,4.234635463111030562e-02,2.096821870204801652e-01,-9.346601006732253164e-03,-5.613421789894151859e-02,1.695167374226188087e-02,-1.359334473520772135e-01,-7.871269562435865424e-03,-5.343609586169138087e-02,2.132529318371094440e-01,1.078739786990987395e-02,-4.663172759529451983e-02,-1.752580716546629433e-02
-3.917692923366718552e-03,-4.524008584578015704e-03,7.735858415957715950e-01,9.997375442658155142e-01,-1.897909154090332868e-08,2.290944314810444693e-02,4.843707828105904532e-09,-2.216642505824246434e-01,3.280829653251819411e-01,3.918670936638637414e-01,3.627847650519963052e-01,-8.433409682236812921e-02,-1.489841738258233239e-01,-2.156367503522932938e-01,-3.589508930724775171e-01,-5.099861985027739353e-01,4.021025940130281140e-01,-9.917613737067818014e-02,1.238944317438429865e-01,5.014987639193390322e-03,-1.271191694596096253e-02,1.247002503686553410e-01,-1.587241667601941020e-01,5.116345553361517640e-02,4.984928658399404022e-02,2.258073652017071331e-01,-1.173480675047857726e-02,-5.755928738220141699e-02,1.929315905658230204e-02,-1.538634675701402721e-01,-1.356002391132201702e-02,-6.117092549857838790e-02,2.296217738901392691e-01,1.327012340287942599e-02,-4.879779583257813635e-02,-2.015839339376025371e-02
-6.998685139736956530e-03,-4.609952599795542720e-03,7.714173520314404620e-01,9.996141166180466664e-01,-2.301240573499003089e-08,2.777801033050784560e-02,5.873061392948795250e-09,-2.533440348239001105e-01,3.344431841981895803e-01,3.857219096708675021e-01,3.955776665918248058e-01,-9.551800901066326288e-02,-1.467710720429790117e-01,-2.456717392637182140e-01,-3.663291248664146127e-01,-5.042540972025612023e-01,4.328487775149924555e-01,-1.097524500610394388e-01,1.207635215372679927e-01,5.166457040223990105e-03,-1.282368576262900121e-02,1.365425249894512694e-01,-1.789613381620836774e-01,5.788111476449624149e-02,5.815606561248995443e-02,2.433415785963972400e-01,-1.438911304712959041e-02,-5.770337075096211576e-02,2.194622233187327673e-02,-1.741400386258178945e-01,-2.012515793232678291e-02,-6.975217561845574454e-02,2.473156664790810422e-01,1.604201300134018571e-02,-4.960524999199466406e-02,-2.303835865571277411e-02
-1.032605984768371690e-02,-4.668890937730492408e-03,7.688231156973455160e-01,9.994502339436099891e-01,-2.746661550713353801e-08,3.315463572507592466e-02,7.009832913063948038e-09,-2.881170052699482120e-01,3.412426455511157752e-01,3.788963469266937167e-01,4.312848588215571488e-01,-1.076673593042814375e-01,-1.443453317985948503e-01,-2.787601722565999918e-01,-3.744017459286284599e-01,-4.977997190544918849e-01,4.665144252516168488e-01,-1.212832612498528639e-01,1.174217549761449320e-01,5.267327543040989379e-03,-1.286483537544032794e-02,1.486088427086103558e-01,-2.013308988308645242e-01,6.530948360280833254e-02,6.719592430712637010e-02,2.623149552185829458e-01,-1.727967774988770772e-02,-5.632712319845042254e-02,2.488587118424021027e-02,-1.965952469184969187e-01,-2.758290242715332602e-02,-7.910453802593399308e-02,2.663573484343995101e-01,1.906609857428831836e-02,-4.880084715098284565e-02,-2.613573692868629422e-02
-1.382787019209786618e-02,-4.700084501017001530e-03,7.657712215720102744e-01,9.992380355927646951e-01,-3.233407808918670159e-08,3.903009383426660206e-02,8.252071855897000977e-09,-3.257311650686717797e-01,3.483981669011407822e-01,3.714226580282313783e-01,4.695694272737148678e-01,-1.206890437753665585e-01,-1.417557837931604225e-01,-3.146873407590086713e-01,-3.830820257178664257e-01,-4.906348471650355814e-01,5.028121058658499010e-01,-1.336950271157854031e-01,1.139287565087757220e-01,5.312221206134887588e-03,-1.283464153114568032e-02,1.604644006835987680e-01,-2.256098337965093403e-01,7.344482100127915081e-02,7.688196981914519057e-02,2.828131076959922163e-01,-2.036199009105785565e-02,-5.328538670396823496e-02,2.807505250467759103e-02,-2.210032218822209071e-01,-3.592996320111226105e-02,-8.913513236482437097e-02,2.868337833676977144e-01,2.228952012302946525e-02,-4.623659164860612070e-02,-2.941454838331260951e-02
-1.743823781201177259e-02,-4.703801530661670498e-03,7.622372891929064531e-01,9.989693155110165312e-01,-3.760337462780807801e-08,4.539060109152304179e-02,9.596863983471982916e-09,-3.659246659088614129e-01,3.558247117457650210e-01,3.633372034266537653e-01,5.100755996216151944e-01,-1.344717360018563290e-01,-1.390470957758293269e-01,-3.532227697031439795e-01,-3.922724815908099072e-01,-4.827777496953961633e-01,5.414191919461485147e-01,-1.468895450506950418e-01,1.103365850296491035e-01,5.298308189183066619e-03,-1.273460213488885120e-02,1.717473317854180948e-01,-2.515912348005407417e-01,8.228012833969138018e-02,8.712751602085339053e-02,3.049283134511241444e-01,-2.358171069873652576e-02,-4.850606134939817321e-02,3.147117597773519543e-02,-2.471528531185996913e-01,-4.515334678301059779e-02,-9.975051189100024585e-02,3.088423489119082599e-01,2.564835242617372058e-02,-4.184260184878575012e-02,-3.283548304160206072e-02
-2.106485172172716663e-02,-4.683860620342574811e-03,7.582046535668901521e-01,9.986357042314322197e-01,-4.325954769089560813e-08,5.221810255255851518e-02,1.104039196708245752e-08,-4.083914605716815749e-01,3.634500110168719655e-01,3.546782200414843045e-01,5.524714135852943908e-01,-1.489537159730993654e-01,-1.362882227906456467e-01,-3.940880730177545033e-01,-4.018763285627701132e-01,-4.742527189963505752e-01,5.820316989095329907e-01,-1.608186656572356543e-01,1.067165509502156079e-01,5.229475845033158821e-03,-1.257648315609559593e-02,1.820230360808170467e-01,-2.789742982795019866e-01,9.179716785061464712e-02,9.781841421769105205e-02,3.288646526489821253e-01,-2.686478990012464499e-02,-4.205872741587404762e-02,3.501979671268766470e-02,-2.747340949341059435e-01,-5.521060330577939879e-02,-1.108306261880607074e-01,3.326073608828030714e-01,2.906373284395718029e-02,-3.571039020878367248e-02,-3.635615745354851824e-02
-2.465287514337459462e-02,-4.642439315608643327e-03,7.536634074440973219e-01,9.982288680257653812e-01,-4.928434210951348164e-08,5.949056261287676006e-02,1.257799685324336528e-08,-4.528795553023783338e-01,3.712003928544786446e-01,3.454800167104165043e-01,5.964352411641844487e-01,-1.640288160944689544e-01,-1.335183055103483507e-01,-4.370509997208406050e-01,-4.117960927012994099e-01,-4.650823022411708085e-01,6.243361922216486004e-01,-1.753799577617501382e-01,1.031090002324303034e-01,5.108410115741491772e-03,-1.236629670104152749e-02,1.910732910637976678e-01,-3.075879502887879924e-01,1.019818633147601822e-01,1.088667358004951902e-01,3.547344837257923045e-01,-3.014007110124905520e-02,-3.402059101884336023e-02,3.867385630860840917e-02,-3.035692909524072558e-01,-6.607142640074613327e-02,-1.222809172205333167e-01,3.582528699984435239e-01,3.245695937854350260e-02,-2.792934325199412232e-02,-3.993659901345444907e-02
-2.814990003934189633e-02,-4.582562642880698422e-03,7.486098879566150943e-01,9.977407197420677942e-01,-5.565645003857033022e-08,6.718226081769848590e-02,1.420424060632235973e-08,-4.991443737661295232e-01,3.790111547428592353e-01,3.357742418106385296e-01,6.416786123028059841e-01,-1.796067982663382967e-01,-1.307765148938156430e-01,-4.818827332802885777e-01,-4.219405209487453456e-01,-4.552892582379474695e-01,6.680461630953553609e-01,-1.904849765340405066e-01,9.955201234120548970e-02,4.940233862876633464e-03,-1.211231624522348706e-02,1.987280906165442285e-01,-3.372682260003239119e-01,1.128177042333040059e-01,1.201816263458326262e-01,3.826577486332712885e-01,-3.333035591875015136e-02,-2.452810413654824342e-02,4.238609547006336881e-02,-3.334868190834640034e-01,-7.769888403192495852e-02,-1.340044899057329653e-01,3.859133521924064114e-01,3.574546177451404239e-02,-1.865264052229562847e-02,-4.353828830514173270e-02
-3.151494403084719592e-02,-4.507153729207922198e-03,7.430460498994134744e-01,9.971636356214620411e-01,-6.235176097676150021e-08,7.526409365815867059e-02,1.591296991683898550e-08,-5.469618710258378202e-01,3.868237109964763332e-01,3.255896331601669802e-01,6.879418451438571447e-01,-1.955990043889011265e-01,-1.280942669666337852e-01,-5.283713940307870338e-01,-4.322247613844151237e-01,-4.448956075365388396e-01,7.128979528533306853e-01,-2.060443488593752814e-01,9.607473282698406059e-02,4.730795057081299201e-03,-1.182221545935226333e-02,2.049005410446173014e-01,-3.678884671430138198e-01,1.242892638252744292e-01,1.316772631782786862e-01,4.127244101429408119e-01,-3.635832352443817139e-02,-1.374427118834343001e-02,4.611300213120421432e-02,-3.643526880766245757e-01,-9.005775808776698976e-02,-1.459097344933105445e-01,4.156916442279138257e-01,3.884749517052454165e-02,-8.058922869959031510e-03,-4.712581332422891012e-02
-3.471734121866113659e-02,-4.418917376570093321e-03,7.369790761394237055e-01,9.964906722942085127e-01,-6.934361728783291519e-08,8.370388300808567772e-02,1.769738141377179824e-08,-5.961256516658268723e-01,3.945848286393482396e-01,3.149529546127134982e-01,7.349906679228319639e-01,-2.119182587745750412e-01,-1.254959555594252485e-01,-5.763201342403219130e-01,-4.425704571648915731e-01,-4.339232039348945302e-01,7.586497739302974219e-01,-2.219686530067946639e-01,9.269857586936704197e-02,4.486222938574721195e-03,-1.150282011152460593e-02,2.095760404658455756e-01,-3.993537521462908191e-01,1.363832535762908582e-01,1.432725472414789203e-01,4.449883537722562066e-01,-3.914918062518200209e-02,-1.846671188001057680e-03,4.981561478955917610e-02,-3.960651538855699538e-01,-1.031161514042192168e-01,-1.579100056970562382e-01,4.476522347553802961e-01,4.168475832402023656e-02,3.660535016611498552e-03,-5.066754601587498963e-02
-3.773494246874213587e-02,-4.320275789194570962e-03,7.304210831011803684e-01,9.957157781977176159e-01,-7.660307552052332742e-08,9.246669156029861669e-02,1.955008835676264875e-08,-6.464428740036420873e-01,4.022459922088465478e-01,3.038900485514887118e-01,7.826126496310704672e-01,-2.284796078347933190e-01,-1.230002143815669691e-01,-6.255437306614379800e-01,-4.529055662646157554e-01,-4.223944728759683742e-01,8.050798058437772520e-01,-2.381697732551464330e-01,8.943893125649678144e-02,4.212571577580838215e-03,-1.116001530950374611e-02,2.127992915767693838e-01,-4.315925956258634955e-01,1.490888279773480707e-01,1.548903320343550105e-01,4.794645609918510298e-01,-4.163298604879482612e-02,1.098080459352177886e-02,5.345985728808225895e-02,-4.285465749233665633e-01,-1.168460281399050366e-01,-1.699228475166238983e-01,4.818181656700734616e-01,4.418465396057424249e-02,1.631060555935346518e-02,-5.413595128910966836e-02
-4.055248427066435873e-02,-4.213376542599896017e-03,7.233890182163544846e-01,9.948339938290318152e-01,-8.409917354562691027e-08,1.015151452846835001e-01,2.146318881292468945e-08,-6.977299540674986034e-01,4.097627528089096138e-01,2.924269977395685949e-01,8.306126952319660139e-01,-2.452003098045215379e-01,-1.206210964548993791e-01,-6.758647770876189398e-01,-4.631637759352520978e-01,-4.103334214916324330e-01,8.519829166910268814e-01,-2.545614121196075330e-01,8.630657006721793867e-02,3.915624625330342556e-03,-1.079886807106610058e-02,2.146631484976251614e-01,-4.645491630629665081e-01,1.623975017833689249e-01,1.664568578596033743e-01,5.161269661666554320e-01,-4.374672381235500396e-02,2.455425426349574711e-02,5.701655981616277763e-02,-4.617356919500996693e-01,-1.312229983594035421e-01,-1.818694847762222788e-01,5.181689905482447234e-01,4.628239463045070307e-02,2.969866129582501846e-02,-5.750771531837584050e-02
-4.315984461790697141e-02,-4.100134919519730393e-03,7.159046407172560134e-01,9.938416355332266861e-01,-9.179920322942176776e-08,1.108097625691533417e-01,2.342833524660219507e-08,-7.498083389231596785e-01,4.170943365638331568e-01,2.805911599734344786e-01,8.788092619879901424e-01,-2.620004108874413040e-01,-1.183693849876013282e-01,-7.271097292181728511e-01,-4.732839917385637252e-01,-3.977666322094922657e-01,8.991676906588293994e-01,-2.710600143140448615e-01,8.330911523649456307e-02,3.600786847511130637e-03,-1.042383265193861860e-02,2.152976354452839358e-01,-4.981750300913642127e-01,1.763024090368047470e-01,1.779010871036434405e-01,5.549078490109193851e-01,-4.543603499280602503e-02,3.869388327250686960e-02,6.046124433379990865e-02,-4.955794042010824296e-01,-1.462252947743967468e-01,-1.936742598751930722e-01,5.566404351315363819e-01,4.792280193074217182e-02,4.363853013962558369e-02,-6.076368400583280482e-02
-4.555035518763837776e-02,-3.982301629931878952e-03,7.079941101361789668e-01,9.927364579278686874e-01,-9.966898805833231371e-08,1.203092893371853489e-01,2.543680537274864613e-08,-8.025022595175654860e-01,4.242039568568801156e-01,2.684112810688207840e-01,9.270343551156636774e-01,-2.788051842841398620e-01,-1.162540147546486519e-01,-7.791067248529323086e-01,-4.832105724183615170e-01,-3.847233919299484772e-01,9.464569202729613551e-01,-2.875874314864561021e-01,8.045253245675397513e-02,3.273072121772981156e-03,-1.003908710622560332e-02,2.148576915066759685e-01,-5.324208643808917563e-01,1.907968246089002118e-01,1.891540870342303671e-01,5.956980444041811706e-01,-4.665618494958340134e-02,5.322837312677670962e-02,6.377365827453149172e-02,-5.300243964450646050e-01,-1.618319559730909407e-01,-2.052642806529909048e-01,5.971251975049878258e-01,4.906150628077404069e-02,5.795433964555644912e-02,-6.388851316887950160e-02
-4.772015635622684632e-02,-3.861456053240274258e-03,6.996884260871341077e-01,9.915177905616551213e-01,-1.076731648356702386e-07,1.299710390807177485e-01,2.747957404955170378e-08,-8.556348474461091813e-01,4.310579541223570899e-01,2.559190096247078161e-01,9.751271787327039364e-01,-2.955430133539481696e-01,-1.142823920420887734e-01,-8.316817530716840157e-01,-4.928922236960671666e-01,-3.712372694489734504e-01,9.936814647923588595e-01,-3.040688574022528123e-01,7.774160340236198341e-02,2.936968086612652684e-03,-9.648531158573059319e-03,2.135182382766923070e-01,-5.672321664484578640e-01,2.058727206112172803e-01,2.001494300742217847e-01,6.383455750971428477e-01,-4.737337812705852413e-02,6.799758469256041160e-02,6.693751415736000354e-02,-5.650129941652294319e-01,-1.780213830019310717e-01,-2.165698757485087778e-01,6.394717138617395102e-01,4.966612479325790280e-02,7.248326641026524297e-02,-6.687036685361434640e-02
-4.966718593359484984e-02,-3.739056007085197163e-03,6.910231696673189150e-01,9.901866449908256484e-01,-1.157754683028511706e-07,1.397512364231474069e-01,2.954738591742184851e-08,-9.090267695464929742e-01,4.376261210090546805e-01,2.431490144141726373e-01,1.022933990854552277e+00,-3.121469497112874247e-01,-1.124612585070643295e-01,-8.846571889270610223e-01,-5.022822159657355234e-01,-3.573463315136888863e-01,1.040680244066231941e+00,-3.204344557043494190e-01,7.518082579857825187e-02,2.596432706945611506e-03,-9.255983430555326380e-03,2.114646397478429640e-01,-6.025434952103885244e-01,2.215185807912762594e-01,2.108232981260421135e-01,6.826566123400241715e-01,-4.756496667972655995e-02,8.285585344388463058e-02,6.993989709055160875e-02,-6.004773495215296464e-01,-1.947689719584561052e-01,-2.275249013685436417e-01,6.834855985103961418e-01,4.971652465391164510e-02,8.707841857876509606e-02,-6.970037904406443940e-02
-5.139065225904152628e-02,-3.616337255950851509e-03,6.820383147708383165e-01,9.887457891166610002e-01,-1.239390173088021839e-07,1.496053625511304941e-01,3.163082843309924050e-08,-9.624952398598368708e-01,4.438816970031345122e-01,2.301393700289275646e-01,1.070307261681970434e+00,-3.285553682781142681e-01,-1.107969203650306517e-01,-9.378507070354101804e-01,-5.113385399441390256e-01,-3.430933073466989613e-01,1.087299129725435298e+00,-3.366196516809361605e-01,7.277506979928209663e-02,2.254695017831076596e-03,-8.864941692767629167e-03,2.088849812940403450e-01,-6.382745143511583397e-01,2.377168600669163911e-01,2.211150965772966381e-01,7.283970308049955156e-01,-4.721947143802226327e-02,9.767461473527440374e-02,7.277091264877644239e-02,-6.363357476404795099e-01,-2.120450775404330301e-01,-2.380674132864852022e-01,7.289313914727615362e-01,4.920444128869794209e-02,1.016116329934393797e-01,-7.237193451413614920e-02
-5.289089218623135163e-02,-3.494511838586228727e-03,6.727783843474043346e-01,9.871997863468566781e-01,-1.321266009748771461e-07,1.594885006409616224e-01,3.372040490261406135e-08,-1.015852412211895484e+00,4.498013442882334290e-01,2.169321394311173046e-01,1.117102204073872285e+00,-3.447105684454302987e-01,-1.092955562393591040e-01,-9.910735695044801119e-01,-5.200233258080178000e-01,-3.285267363838920152e-01,1.133387930775286767e+00,-3.525643241777464132e-01,7.052935838270694979e-02,1.914576759884378592e-03,-8.479155288592572087e-03,2.059650539142908188e-01,-6.743283283691018370e-01,2.544422141482101662e-01,2.309683135598737391e-01,7.752942214478277805e-01,-4.633601623040523032e-02,1.123443252916528634e-01,7.542304782806512342e-02,-6.724905229496020986e-01,-2.298125692245137630e-01,-2.481408353563824276e-01,7.755352869738100230e-01,4.813333381601406225e-02,1.159741944315837575e-01,-7.488042172573526611e-02
-5.416919232735567524e-02,-3.374725661063413071e-03,6.632919953747207220e-01,9.855549979071162037e-01,-1.403009631887453624e-07,1.693556792678746481e-01,3.580660708777945509e-08,-1.068905905814530266e+00,4.553654714477148868e-01,2.035732188555597066e-01,1.163177537852633003e+00,-3.605596854018235931e-01,-1.079632823671220765e-01,-1.044130989534364007e+00,-5.283033071792339053e-01,-3.137007578980023359e-01,1.178800945767980224e+00,-3.682135307904230159e-01,6.844911492452983304e-02,1.578424779353542135e-03,-8.102474863348545567e-03,2.028807857734722941e-01,-7.105896864943352931e-01,2.716591082056361017e-01,2.403314552317774300e-01,8.230418084222115294e-01,-4.492339008758884644e-02,1.267758200984418215e-01,7.789079589302347340e-02,-7.088263065993393175e-01,-2.480248544610881567e-01,-2.576949270889578036e-01,8.229900949572833690e-01,4.651714825149814991e-02,1.300781363878216468e-01,-7.722266153498491548e-02
-5.522806969144311573e-02,-3.257959022912757571e-03,6.536316232775101209e-01,9.838195474204802782e-01,-1.484250837169457767e-07,1.791622117337746123e-01,3.787998694972448337e-08,-1.121459136724694883e+00,4.605581699726297717e-01,1.901127164036458816e-01,1.208394320760024954e+00,-3.760539590048090908e-01,-1.068056395750107829e-01,-1.096822383916737254e+00,-5.361499222636237905e-01,-2.986752719653548160e-01,1.223395491941847268e+00,-3.835164869963949008e-01,6.653996095821926304e-02,1.248025997155372858e-03,-7.738527974166810840e-03,1.997936486366511943e-01,-7.469256335762086696e-01,2.893199323138979651e-01,2.491593932498371855e-01,8.713052285222143700e-01,-4.299919019072917514e-02,1.409003876415065581e-01,8.017050999177530168e-02,-7.452108276136248932e-01,-2.666246769020892415e-01,-2.666869977770994216e-01,8.709609966189478802e-01,4.437894880246792684e-02,1.438564206793818967e-01,-7.939644300744348737e-02
-5.607145493647580636e-02,-3.144976163848521838e-03,6.438535355449287456e-01,9.820032476737596827e-01,-1.564624542565716473e-07,1.888640292860516434e-01,3.993122710082819303e-08,-1.173311030159735813e+00,4.653671494236955586e-01,1.766055774124470346e-01,1.252613929559020178e+00,-3.911477129584571832e-01,-1.058271414718928299e-01,-1.148941044168177772e+00,-5.435392516694766973e-01,-2.835164193626699691e-01,1.267029714391939343e+00,-3.984253982414604489e-01,6.480747651642074225e-02,9.245901320369241281e-04,-7.390397360488522652e-03,1.968475168081471605e-01,-7.831868746426206007e-01,3.073636698104184606e-01,2.574147373502660985e-01,9.197291949779156095e-01,-4.058908364304426863e-02,1.546673931086280374e-01,8.226024699734184320e-02,-7.814963110298162041e-01,-2.855431776276320388e-01,-2.750829140675807305e-01,9.190928055283699161e-01,4.174960516354090517e-02,1.572608236903805801e-01,-8.140035303082249207e-02
-5.670500029733771541e-02,-3.036393159840389266e-03,6.340169485021102114e-01,9.801174902860023685e-01,-1.643773478530277749e-07,1.984180063286575812e-01,4.195120956359021288e-08,-1.224258413779725663e+00,4.697842392314516835e-01,1.631108759802110675e-01,1.295699764301913248e+00,-4.057986195061241141e-01,-1.050309852089102713e-01,-1.200276483041922138e+00,-5.504524932547774085e-01,-2.682959242100395603e-01,1.309564351060778176e+00,-4.128959415455134008e-01,6.325667100876096460e-02,6.089834192830863389e-04,-7.060769621834149870e-03,1.941639886883214927e-01,-8.192103510062915817e-01,3.257153901086543568e-01,2.650688767964129444e-01,9.679468484125125505e-01,-3.772535227673994018e-02,1.680430349049378824e-01,8.415956034410568276e-02,-8.175217607044571455e-01,-3.046994096032324961e-01,-2.828580646732958837e-01,9.670195854514757050e-01,3.866639526973575380e-02,1.702600646619572000e-01,-8.323373099849221135e-02
-5.713626210013864754e-02,-2.932872500732745628e-03,6.241832170735718277e-01,9.781750997666798231e-01,-1.721350802907767740e-07,2.077822759438699984e-01,4.393108248090516382e-08,-1.274098124182277969e+00,4.738058274960922356e-01,1.496909459763469119e-01,1.337518215159971158e+00,-4.199675426598286077e-01,-1.044190244846079779e-01,-1.250616437239735035e+00,-5.568761345290111908e-01,-2.530907103788832546e-01,1.350864034232792887e+00,-4.268877197689604497e-01,6.189127982065514150e-02,3.021085842292718822e-04,-6.752452195239016727e-03,1.918393907940736109e-01,-8.548226028998660020e-01,3.442866739709838364e-01,2.721025568810118700e-01,1.015589885290693939e+00,-3.444552806592444949e-02,1.810074099169090567e-01,8.586933831990598009e-02,-8.531157126422257431e-01,-3.240002906067809274e-01,-2.899980862745878407e-01,1.014375462089474267e+00,3.517214139172589182e-02,1.828357712175259220e-01,-8.489689928301086264e-02
-5.737497486109750106e-02,-2.834876023020817086e-03,6.144149059194926599e-01,9.761901541855596554e-01,-1.797022623119269246e-07,2.169165343424491188e-01,4.586232448548442603e-08,-1.322629565058890400e+00,4.774327937076220385e-01,1.364110504705202398e-01,1.377940225794686446e+00,-4.336186951356330033e-01,-1.039908501803502860e-01,-1.299749619859668304e+00,-5.628024259842505650e-01,-2.379816084326219494e-01,1.390798208220515919e+00,-4.403636935269755193e-01,6.071359402704278735e-02,4.624324720053089294e-06,-6.467479755418458626e-03,1.899435729004683160e-01,-8.898437207466575183e-01,3.629761250207349521e-01,2.785067515601836186e-01,1.062299281119949645e+00,-3.079201953889505045e-02,1.935502123016380194e-01,8.739209319412961918e-02,-8.881006194008670418e-01,-3.433421648227329426e-01,-2.964988761361767033e-01,1.060804334112985581e+00,3.131372432261744082e-02,1.949794989931883382e-01,-8.639111219818858267e-02
-5.743316510352808324e-02,-2.742715516638993909e-03,6.047748705681903481e-01,9.741777753576752463e-01,-1.870470418247689084e-07,2.257823332307770936e-01,4.773680651458429147e-08,-1.369657133866571952e+00,4.806705979441524557e-01,1.233385951929934360e-01,1.416842312968301876e+00,-4.467193490594974503e-01,-1.037434522213062926e-01,-1.347468277697906114e+00,-5.682294233942158934e-01,-2.230524362367366786e-01,1.429242176247049967e+00,-4.532900662514331991e-01,5.972391350507434693e-02,-2.828809578869639235e-04,-6.207199684916436984e-03,1.885202341282098126e-01,-9.240919134062033358e-01,3.816711754341965968e-01,2.842827794690028775e-01,1.107735330431431464e+00,-2.681149541961196439e-02,2.056663914024753903e-01,8.873202470423890986e-02,-9.222971738712093526e-01,-3.626124486969205529e-01,-3.023664371069875734e-01,1.105969858518786708e+00,2.714149871192373178e-02,2.066881751789547417e-01,-8.771882847690395946e-02
-5.732521271581179217e-02,-2.656614933199906523e-03,5.953251617140573604e-01,9.721538920626139335e-01,-1.941393356194764473e-07,2.343433595122159097e-01,4.954685094682779365e-08,-1.414993251011607667e+00,4.835293025276648504e-01,1.105419843362718257e-01,1.454108233684688001e+00,-4.592396794546196315e-01,-1.036709479818418989e-01,-1.393571386144923485e+00,-5.731609816269456203e-01,-2.083887287653819198e-01,1.466078810293237833e+00,-4.656363403392105305e-01,5.891998085962266846e-02,-5.597485125168403771e-04,-5.972420593190068232e-03,1.875881951308855655e-01,-9.573881185152685047e-01,4.002505427599852839e-01,2.894420145288705837e-01,1.151586023801447256e+00,-2.255428687431345822e-02,2.173527712028901770e-01,8.989505294448300876e-02,-9.555286953400803363e-01,-3.816917875114496095e-01,-3.076163889901432635e-01,1.149563787607435827e+00,2.270881470023393758e-02,2.179604803096364118e-01,-8.888395930656679822e-02
-5.706767430319856921e-02,-2.576663213749345351e-03,5.861258530732247340e-01,9.701349803565944008e-01,-2.009510504973410926e-07,2.425657022096635862e-01,5.128528803722436979e-08,-1.458461385085940032e+00,4.860234039665222716e-01,9.808943478235650215e-02,1.489631182285224398e+00,-4.711531563111910348e-01,-1.037643442636057012e-01,-1.437867989240676270e+00,-5.776067334859186220e-01,-1.940759743960979167e-01,1.501200548831461035e+00,-4.773755523814707802e-01,5.829683885462012133e-02,-8.253261420027683008e-04,-5.763184030666578840e-03,1.871431164219380383e-01,-9.895598974016669436e-01,4.185869604451998294e-01,2.940051531313596644e-01,1.193574744331671100e+00,-1.807415989153285385e-02,2.286043887309020806e-01,9.088887167037082437e-02,-9.876250675315899619e-01,-4.004566486194905961e-01,-3.122727736566305312e-01,1.191312798272510909e+00,1.807144832785719316e-02,2.287938394602918868e-01,-8.989203545743058854e-02
-5.667905243138025850e-02,-2.502856248645471317e-03,5.772340284066671545e-01,9.681377854894412938e-01,-2.074562941274308222e-07,2.504181069882021049e-01,5.294550973049631017e-08,-1.499898715184081022e+00,4.881715137105273605e-01,8.604777263783053298e-02,1.523315160218324360e+00,-4.824364180732130247e-01,-1.040115062313951566e-01,-1.480180147499558396e+00,-5.815817216015378710e-01,-1.801981507013907524e-01,1.534510770389124312e+00,-4.884842634187047672e-01,5.784657548710740033e-02,-1.078865445522292918e-03,-5.578976358485002347e-03,1.871606483386389075e-01,-1.020445157071963926e+00,4.365502900171488454e-01,2.980010228154885144e-01,1.233464836495018702e+00,-1.342785186430130173e-02,2.394123191987998500e-01,9.172294918117182561e-02,-1.018426373500175286e+00,-4.187821220739302852e-01,-3.163668294886682331e-01,1.230983304758324515e+00,1.328737777730969183e-02,2.391818460494032905e-01,-9.075026699107335837e-02
-5.617943584754785807e-02,-2.435100643955483059e-03,5.687028534935770763e-01,9.661790302994568425e-01,-2.136315763535395752e-07,2.578722191504012606e-01,5.452152103719675667e-08,-1.539158518861203362e+00,4.899958707624404441e-01,7.448128365575718002e-02,1.555076248432802455e+00,-4.930692620812195948e-01,-1.043972259012942855e-01,-1.520345670143312011e+00,-5.851058997707855314e-01,-1.668361741132929899e-01,1.565924991009317813e+00,-4.989425266679578530e-01,5.755830427852959980e-02,-1.319585133337870331e-03,-5.418724966721110911e-03,1.875999976132967095e-01,-1.049895124591680107e+00,4.540107530555299586e-01,3.014651849781725956e-01,1.271062447548227725e+00,-8.674685223769478329e-03,2.497620982639506826e-01,9.240839524546412553e-02,-1.047785893523032641e+00,-4.365447064152769285e-01,-3.199354253231664891e-01,1.268383761150285727e+00,8.416324807211954598e-03,2.491129888624481759e-01,-9.146755079483848139e-02
-5.559003577481164832e-02,-2.373228382344147892e-03,5.605807758194313317e-01,9.642751152219067867e-01,-2.194560020671913225e-07,2.649028164511038619e-01,5.600798925737656678e-08,-1.576112192364347298e+00,4.915217367925073244e-01,6.345058919353414872e-02,1.584843626110848946e+00,-5.030346577482851522e-01,-1.049034812595746324e-01,-1.558220483402638301e+00,-5.882034714276815901e-01,-1.540664315733133727e-01,1.595371839264727143e+00,-5.087338921007623638e-01,5.741830244808236727e-02,-1.546702528686250220e-03,-5.280897806696821864e-03,1.884076975699295053e-01,-1.077776637297906071e+00,4.708420717293962388e-01,3.044382822641681363e-01,1.306217261483298975e+00,-3.875960554494285032e-03,2.596331885184042787e-01,9.295776977741258829e-02,-1.075572414794991660e+00,-4.536250309718702911e-01,-3.230194238949462004e-01,1.303365232178437916e+00,3.519225599026744832e-03,2.585701201622914724e-01,-9.205434451191002454e-02
-5.493269153943725752e-02,-2.317021404371075524e-03,5.529109354308168189e-01,9.624418152073292987e-01,-2.249114571218115549e-07,2.714880335122842325e-01,5.740029142826783341e-08,-1.610650748505700447e+00,4.927766746932611408e-01,5.301168958096851708e-02,1.612560008373361331e+00,-5.123185811233247344e-01,-1.055098216614898665e-01,-1.593680450837019702e+00,-5.909020638711145468e-01,-1.419595762883304746e-01,1.622793483356811395e+00,-5.178452532768396122e-01,5.741024057580541851e-02,-1.759466741430846517e-03,-5.163644193425942150e-03,1.895217184335926952e-01,-1.103973922786932516e+00,4.869244600168824433e-01,3.069643712370753730e-01,1.338821177350522751e+00,9.058742115100092487e-04,2.689994523660499959e-01,9.338480425315665023e-02,-1.101672025228484397e+00,-4.699104152413613456e-01,-3.256621383045397722e-01,1.335820049754376626e+00,-1.342466175889193026e-03,2.675308229475686361e-01,-9.252244557482400267e-02
-5.422926984710027543e-02,-2.266283622760724079e-03,5.457307591883692188e-01,9.606939789010986441e-01,-2.299827890722202568e-07,2.776095799916118434e-01,5.869456045132294652e-08,-1.642685735220169141e+00,4.937898068475515823e-01,4.321503603241737962e-02,1.638181752601163055e+00,-5.209099595609603117e-01,-1.061940590871229828e-01,-1.626622529115066662e+00,-5.932318024510455645e-01,-1.305796158536118023e-01,1.648145840378258065e+00,-5.262669381819551351e-01,5.751555787205003822e-02,-1.957152787980353040e-03,-5.065085479267831571e-03,1.908753754626260624e-01,-1.128389679571706550e+00,5.021473501327884392e-01,3.090892436751814798e-01,1.368805597325532419e+00,5.608347675826026724e-03,2.778302303072478496e-01,9.370403324450270188e-02,-1.125989091451744972e+00,-4.852970650342672276e-01,-3.279079859347983072e-01,1.365679367149343681e+00,-6.107585251604112989e-03,2.759680868357740624e-01,-9.288472378712697708e-02
-5.350114910528203788e-02,-2.220748831922311241e-03,5.390712798745974643e-01,9.590452353830096754e-01,-2.346579847669424128e-07,2.832529549520870216e-01,5.988773041605218101e-08,-1.672151056272151770e+00,4.945909918272801131e-01,3.410443787767195728e-02,1.661680495294382442e+00,-5.288012900799451410e-01,-1.069327332474123843e-01,-1.656967044746000761e+00,-5.952245731910181803e-01,-1.199821041242013497e-01,1.671399960857022471e+00,-5.339929297128067631e-01,5.771418409723810122e-02,-2.139216918513082641e-03,-4.983082162487000207e-03,1.923996901632506196e-01,-1.150945793996488664e+00,5.164116573476182914e-01,3.108588577844405565e-01,1.396138852853638035e+00,1.017018427436942180e-02,2.860922611848985553e-01,9.393047393053371996e-02,-1.148447231780508115e+00,-4.996923775685471747e-01,-3.298008131482461636e-01,1.392910184566595655e+00,-1.071673127462945824e-02,2.838526962077528304e-01,-9.315469959689633150e-02
-5.276872301699180728e-02,-2.180137705018890884e-03,5.329568833913684855e-01,9.575077136023898428e-01,-2.389283469850486197e-07,2.884076600783399003e-01,6.097758168001339650e-08,-1.699003671115421721e+00,4.952100196379217167e-01,2.571623998688474938e-02,1.683043190438449299e+00,-5.359885811394528021e-01,-1.077018955527808131e-01,-1.684658609954482689e+00,-5.969130424072506269e-01,-1.102133505385906043e-01,1.692542157139046211e+00,-5.410208916396773704e-01,5.798505100536156809e-02,-2.305262937278059181e-03,-4.915488576509043604e-03,1.940265831981400624e-01,-1.171584077016906145e+00,5.296319305231059760e-01,3.123179573240263407e-01,1.420822044730681633e+00,1.453286183292566876e-02,2.937520655716953644e-01,9.407920463670112199e-02,-1.168989939372517606e+00,-5.130167935004305013e-01,-3.313828835503973003e-01,1.417511630321873994e+00,-1.511350573906561356e-02,2.911551339742926570e-01,-9.334616235753603886e-02
-5.205085467993783577e-02,-2.144189766895475413e-03,5.274052288855493043e-01,9.560917793669360121e-01,-2.427886723834220292e-07,2.930674144747302812e-01,6.196278628323895182e-08,-1.723223768153274271e+00,4.956758482451223413e-01,1.807869642226084955e-02,1.702272012348975849e+00,-5.424715467187631868e-01,-1.084779808796054040e-01,-1.709666412172908379e+00,-5.983297399315122833e-01,-1.013098353352162029e-01,1.711573862695033865e+00,-5.473523441067245088e-01,5.830682054183709828e-02,-2.455049872583749560e-03,-4.860298267603000398e-03,1.956917720452986953e-01,-1.190266577333967346e+00,5.417381036686744755e-01,3.135090451962033731e-01,1.442884893655200784e+00,1.864216514602464944e-02,3.007780123693873930e-01,9.416494776024873781e-02,-1.187580825702492460e+00,-5.252053447210129900e-01,-3.326941291011229485e-01,1.439511071623700289e+00,-1.924586755163481058e-02,2.978473792884872573e-01,-9.347278594028404775e-02
-5.136442705162922590e-02,-2.112656505798264465e-03,5.224270502242635006e-01,9.548057943474129727e-01,-2.462374329965366599e-07,2.972303737516426292e-01,6.284295426930954056e-08,-1.744815187055008376e+00,4.960159087842508918e-01,1.121133955799907302e-02,1.719384735549007948e+00,-5.482540727734250829e-01,-1.092386171664000288e-01,-1.731984980124122719e+00,-5.995062991181653311e-01,-9.329735217168771966e-02,1.728512142270048679e+00,-5.529930101406420606e-01,5.865867244516849432e-02,-2.588518189632787493e-03,-4.815663634832481263e-03,1.973367186270268414e-01,-1.206975932495421011e+00,5.526769492325286359e-01,3.144715602879105121e-01,1.462382159052186381e+00,2.244977940581940890e-02,3.071426449977051054e-01,9.420169295837681200e-02,-1.204203963505937836e+00,-5.362091022084360947e-01,-3.337714866476989561e-01,1.458960671702653311e+00,-2.306765445691744826e-02,3.039051439971750534e-01,-9.354773100919611117e-02
-5.072399691840686481e-02,-2.085323328516070288e-03,5.180262880355733790e-01,9.536559010390094349e-01,-2.492769634044316177e-07,3.008993559537955220e-01,6.361868145302417958e-08,-1.763804765215198911e+00,4.962555038189102041e-01,5.124969549475398393e-03,1.734413645162439233e+00,-5.533442121894696086e-01,-1.099633794934630621e-01,-1.751634026889468121e+00,-6.004727119880691744e-01,-8.619085793450778632e-02,1.743389152430856015e+00,-5.579528178350598999e-01,5.902094231615691300e-02,-2.705795002769689848e-03,-4.779985971608350682e-03,1.989112880402203742e-01,-1.221716074137745078e+00,5.624134123832029708e-01,3.152414825720366576e-01,1.479389953723122986e+00,2.591475548604502827e-02,3.128247097408072830e-01,9.420232819012390457e-02,-1.218864509016039266e+00,-5.459964149562857028e-01,-3.346487132457566793e-01,1.475933886943490148e+00,-2.653989883583355094e-02,3.093097242995018759e-01,-9.358330765860486955e-02
-5.014133851626632193e-02,-2.061880589514042059e-03,5.141983557078769751e-01,9.526458369648478364e-01,-2.519136554545683384e-07,3.040820766067562908e-01,6.429159911591795981e-08,-1.780249083374074504e+00,4.964173638226354601e-01,-1.822539136355794142e-04,1.747415050119850655e+00,-5.577575607082322362e-01,-1.106346625414119794e-01,-1.768663792985565086e+00,-6.012572482386230321e-01,-7.999059962802221313e-02,1.756258823456012363e+00,-5.622485127179530640e-01,5.937641734898824880e-02,-2.807208833511235565e-03,-4.751601781718834891e-03,2.003691296870619420e-01,-1.234511488284188996e+00,5.709310838876704430e-01,3.158499822997520856e-01,1.494006425223282308e+00,2.900531850063971240e-02,3.178122174390237697e-01,9.417846631684648195e-02,-1.231588145945866630e+00,-5.545541057100071836e-01,-3.353548626594586857e-01,1.490526194190775033e+00,-2.963288468432601075e-02,3.140512731032677474e-01,-9.359053947428642994e-02
-4.962546991241326144e-02,-2.042148517784939197e-03,5.109330271532345202e-01,9.517767806067445324e-01,-2.541581620923191240e-07,3.067913947583797429e-01,6.486442602641987197e-08,-1.794223398363578026e+00,4.965212310864182688e-01,-4.719072919674898239e-03,1.758453515436234404e+00,-5.615126582339403649e-01,-1.112380171881660051e-01,-1.783146890019500885e+00,-6.018852359497042226e-01,-7.468760341831713612e-02,1.767186238361067474e+00,-5.659001444883224874e-01,5.970988138851425486e-02,-2.893261096043080009e-03,-4.729382798669046553e-03,2.016795521598338803e-01,-1.245410075350494639e+00,5.782339535847169643e-01,3.163253145070143990e-01,1.506343915161198810e+00,3.169926182482983579e-02,3.221020873772774129e-01,9.413999304234840770e-02,-1.242423502022852011e+00,-5.618881031409674875e-01,-3.359167971940111852e-01,1.502847563404870801e+00,-3.232590783494419112e-02,3.181277914948034691e-01,-9.357915015942536163e-02
-4.918226948553018618e-02,-2.025876271252932247e-03,5.082116756427206283e-01,9.510472305892240241e-01,-2.560256114293001842e-07,3.090455713782316871e-01,6.534102307283971815e-08,-1.805833194675757314e+00,4.965837264595177603e-01,-8.507390131262546062e-03,1.767618001845593811e+00,-5.646362332445810095e-01,-1.117629238857371365e-01,-1.795186810763766738e+00,-6.023796084392812888e-01,-7.025792487380215501e-02,1.776258465382001051e+00,-5.689351559078227316e-01,6.000953249450543397e-02,-2.964636601502844155e-03,-4.712224943451178392e-03,2.028184725136679412e-01,-1.254481951758835256e+00,5.843462359207456380e-01,3.166911690975742211e-01,1.516533395498356862e+00,3.398553219979019019e-02,3.257032741811503040e-01,9.409510647033503261e-02,-1.251441242696503142e+00,-5.680244145525689126e-01,-3.363571555355258091e-01,1.513026837334605634e+00,-3.460930895153431497e-02,3.215486669471518955e-01,-9.355719509985228888e-02
-4.881455181505575669e-02,-2.012838259722804328e-03,5.060080496453988053e-01,9.504529185090295762e-01,-2.575358316683018814e-07,3.108685408618848678e-01,6.572645066709795688e-08,-1.815210041132988561e+00,4.966183067700580267e-01,-1.157987991447052487e-02,1.775015670789777733e+00,-5.671618573854971812e-01,-1.122028891642524173e-01,-1.804916264763594569e+00,-6.027605941526021915e-01,-6.666419562496071760e-02,1.783582050833345534e+00,-5.713875825464557190e-01,6.026682178249745392e-02,-3.022192238474548202e-03,-4.699299681543169654e-03,2.037721965588818740e-01,-1.261821243369612766e+00,5.893132935785577731e-01,3.169675305127147569e-01,1.524722367127356648e+00,3.586467060008464991e-02,3.286374060180154433e-01,9.405013501987619096e-02,-1.258735646973378364e+00,-5.730096245346092410e-01,-3.366954923790779763e-01,1.521209780916036758e+00,-3.648462774978054879e-02,3.243350134392536388e-01,-9.353107544441287280e-02
-4.852194972923497968e-02,-2.002683921918682348e-03,5.042875380528791807e-01,9.499867544760379756e-01,-2.587135869207440871e-07,3.122901956834581716e-01,6.602702892836783867e-08,-1.822515721165398617e+00,4.966353177366115701e-01,-1.398184579588755173e-02,1.780777573602853714e+00,-5.691319290950224152e-01,-1.125557468025206592e-01,-1.812499944630642013e+00,-6.030460577473697459e-01,-6.385383486734985681e-02,1.789286267603712455e+00,-5.732993359510454301e-01,6.047713433763313856e-02,-3.066975204070025197e-03,-4.689636955544451355e-03,2.045351803110172506e-01,-1.267546106658959060e+00,5.932014883401370842e-01,3.171709391685394452e-01,1.531076765451910626e+00,3.734909947945735942e-02,3.309394922969975950e-01,9.400969527798407055e-02,-1.264424941925419654e+00,-5.769115056339111369e-01,-3.369481343377962457e-01,1.527560782807027895e+00,-3.796532015344480926e-02,3.265208175391766665e-01,-9.350540925294398287e-02
-4.830121964276670038e-02,-1.995178088700355450e-03,5.030080193965271729e-01,9.496388028932231107e-01,-2.595888233119806334e-07,3.133466834664993539e-01,6.625040049230907113e-08,-1.827940438943582269e+00,4.966422941682328562e-01,-1.576997551109000917e-02,1.785054670208712446e+00,-5.705959330483125758e-01,-1.128235651661704392e-01,-1.818132884286759898e+00,-6.032515098552846400e-01,-6.176134647689317941e-02,1.793520622893759686e+00,-5.747194119679284174e-01,6.063885327086872973e-02,-3.100188685446756028e-03,-4.682782901863361685e-03,2.051137519908982909e-01,-1.271801419176406656e+00,5.960993382387397288e-01,3.173153237839331786e-01,1.535780339125910166e+00,3.846307137277411858e-02,3.326582221483911916e-01,9.397654196505757229e-02,-1.268653420730255110e+00,-5.798191251075104358e-01,-3.371297159453264802e-01,1.532262638445249125e+00,-3.907598291195164830e-02,3.281524378283037224e-01,-9.348333606474687474e-02
-4.814620468690512106e-02,-1.989980814831193972e-03,5.021185529345707499e-01,9.493962842332555052e-01,-2.601969240868624606e-07,3.140807149189768777e-01,6.640559561728246584e-08,-1.831707358304917932e+00,4.966442920595561250e-01,-1.701400152773507521e-02,1.788024149481098890e+00,-5.716132064806879187e-01,-1.130124750641548492e-01,-1.822045170063799846e+00,-6.033908925868310957e-01,-6.030547827717520210e-02,1.796460298703329794e+00,-5.757057855333510554e-01,6.075397564709641290e-02,-3.123230314508783877e-03,-4.678177581612045360e-03,2.055214883306663853e-01,-1.274758386299976287e+00,5.981169022576335870e-01,3.174122471735706386e-01,1.539038900926231745e+00,3.924251565846621770e-02,3.338564116848923291e-01,9.395194534776973860e-02,-1.271591545301714365e+00,-5.818432943161065962e-01,-3.372527837023094888e-01,1.535520411605389324e+00,-3.985286615417925338e-02,3.292897619508037277e-01,-9.346648335008851671e-02
-4.804813235130001720e-02,-1.986753916164076417e-03,5.015595923958853231e-01,9.492435965479157911e-01,-2.605789717175385975e-07,3.145418802205920961e-01,6.650309907762605499e-08,-1.834072718249531109e+00,4.966443570384400097e-01,-1.779612389876960438e-02,1.789888261442935891e+00,-5.722520801413667479e-01,-1.131324030948681197e-01,-1.824502346292349308e+00,-6.034770322561278100e-01,-5.939014508432487877e-02,1.798306051653534299e+00,-5.763253447124349060e-01,6.082737846409922572e-02,-3.137691513944090588e-03,-4.675431744319156514e-03,2.057802821642420732e-01,-1.276616436033214397e+00,5.993863039159642581e-01,3.174717086777408825e-01,1.541082067770991548e+00,3.973453699721893329e-02,3.346108982795220066e-01,9.393580527279479786e-02,-1.273437595113165344e+00,-5.831166294530146788e-01,-3.373288865189346675e-01,1.537563278491326457e+00,-4.034307445225517735e-02,3.300057865234139465e-01,-9.345528764617321016e-02
-4.799577378415569029e-02,-1.984992227579298382e-03,5.012623285775736903e-01,9.491623481558121300e-01,-2.607820142893963073e-07,3.147869705741843105e-01,6.655491814876685464e-08,-1.835329903903640147e+00,4.966440025762117183e-01,-1.821213171904653011e-02,1.790879317844183305e+00,-5.725919533832928288e-01,-1.131964571896091343e-01,-1.825808477987499900e+00,-6.035224019904783521e-01,-5.890302312401590051e-02,1.799287156158396739e+00,-5.766546899103484058e-01,6.086690381224461183e-02,-3.145373148118369485e-03,-4.673861961086544191e-03,2.059180776610222419e-01,-1.277603763426268024e+00,6.000613428368491986e-01,3.175028608778472927e-01,1.542166898285853183e+00,3.999674502598081494e-02,3.350124738407162517e-01,9.392706514246447480e-02,-1.274418645778106152e+00,-5.837939584372799917e-01,-3.373687796891280954e-01,1.538647968180519632e+00,-4.060443396700687962e-02,3.303869986530283964e-01,-9.344908929093900807e-02
-4.797579890613427184e-02,-1.984329247064371086e-03,5.011491556760243604e-01,9.491313903787476081e-01,-2.608593327058753632e-07,3.148803007455895919e-01,6.657465080132028624e-08,-1.835808494725887918e+00,4.966438001375240718e-01,-1.837054807641079826e-02,1.791256512773810261e+00,-5.727213154142646312e-01,-1.132209232953494404e-01,-1.826305708007722295e+00,-6.035395913184898875e-01,-5.871756572478781244e-02,1.799660580646134544e+00,-5.767800636591791097e-01,6.088199721720710667e-02,-3.148298487738813642e-03,-4.673288034406515232e-03,2.059708161986444630e-01,-1.277979785374593114e+00,6.003185201785523617e-01,3.175146525958792432e-01,1.542579715999893519e+00,4.009671941267443224e-02,3.351654640777665395e-01,9.392369251076629344e-02,-1.274792253065210490e+00,-5.840519697006231192e-01,-3.373839296517953668e-01,1.539060746767227483e+00,-4.070405530004362477e-02,3.305322083473334338e-01,-9.344669986494000269e-02
-4.796993817670972687e-02,-1.993863103767307045e-03,5.012035311212849065e-01,9.491268363265588093e-01,-2.608707045062701553e-07,3.148940275150756141e-01,6.657755303078016694e-08,-1.835682031474031417e+00,4.966493680343385675e-01,-1.830997360121208381e-02,1.791047567755102765e+00,-5.726497098887800563e-01,-1.132349726577464855e-01,-1.827222680513022279e+00,-6.035843015331771033e-01,-5.820377305211001107e-02,1.800760365064348223e+00,-5.771468628416046576e-01,6.089251596724172544e-02,-3.146616340127886876e-03,-4.699710266299637028e-03,2.062098779848112462e-01,-1.278080169306690328e+00,6.003836862456120027e-01,3.175407952062296313e-01,1.542543795367077530e+00,4.008796964480420416e-02,3.351097428083415486e-01,9.391603235526647941e-02,-1.274865205656344536e+00,-5.840727206930141913e-01,-3.374385781407020501e-01,1.539027975099196421e+00,-4.066589997978319743e-02,3.304525517510609189e-01,-9.345555002140830403e-02
-4.797477753036797493e-02,-1.993930316396397024e-03,5.012068422482585106e-01,9.491268363265588093e-01,-2.608707045062702083e-07,3.148940275150756696e-01,6.657755303078019341e-08,-1.835681296054082923e+00,4.966482541750395496e-01,-1.830335036088888770e-02,1.791029550251488578e+00,-5.726323187552899707e-01,-1.132285997623479201e-01,-1.827221094881321228e+00,-6.035829376106190969e-01,-5.821205992561372111e-02,1.800742645118687868e+00,-5.771305257597477700e-01,6.088501816500362096e-02,-3.146539887952081067e-03,-4.699037625623183126e-03,2.061614602299820798e-01,-1.278089345593275583e+00,6.002779849871934248e-01,3.175420148426923994e-01,1.542564379456529355e+00,4.008550868413016804e-02,3.351197054982659185e-01,9.390820388366764859e-02,-1.274875413774336552e+00,-5.839677371604513612e-01,-3.374394400035571895e-01,1.539048581475056965e+00,-4.066363347431309339e-02,3.304623663921305576e-01,-9.344766362935852388e-02
-4.800668323151705691e-02,-1.994373258882889757e-03,5.012286597487698447e-01,9.491268363265588093e-01,-2.608707045062702083e-07,3.148940275150756696e-01,6.657755303078019341e-08,-1.835676474768395794e+00,4.966409107615607499e-01,-1.825970140216042967e-02,1.790910801459971724e+00,-5.725176757868155608e-01,-1.131865883449639371e-01,-1.827210670756578281e+00,-6.035739469826306713e-01,-5.826667351796548794e-02,1.800625857511327643e+00,-5.770228309542438927e-01,6.083558990301853042e-02,-3.146032417384317641e-03,-4.694598704406921161e-03,2.058424737459072784e-01,-1.278150004767985459e+00,5.995809576499856464e-01,3.175502106558937832e-01,1.542700054385908404e+00,4.006914051841811014e-02,3.351853813997018317e-01,9.385645028101899379e-02,-1.274942876456579111e+00,-5.832754435770240997e-01,-3.374452756563016131e-01,1.539184404542134565e+00,-4.064854808555665167e-02,3.305270651485988642e-01,-9.339553136890450802e-02
-4.808741986005703878e-02,-1.995492075898962214e-03,5.012837644519408942e-01,9.491268363265588093e-01,-2.608707045062702083e-07,3.148940275150756696e-01,6.657755303078019341e-08,-1.835664502880282267e+00,4.966223299244023615e-01,-1.814939491937731311e-02,1.790610643008576863e+00,-5.722277078786299764e-01,-1.130803171745842911e-01,-1.827184456816265845e+00,-6.035512055468406079e-01,-5.840474450503209403e-02,1.800330550396425977e+00,-5.767503927055988022e-01,6.071054341643680741e-02,-3.144721724094310614e-03,-4.683331704093440448e-03,2.050370605271545354e-01,-1.278304744268676574e+00,5.978160419828548733e-01,3.175721494755953112e-01,1.543043105622947886e+00,4.002661210008046783e-02,3.353515169677719343e-01,9.372439733134273199e-02,-1.275114838823073082e+00,-5.815225233788589021e-01,-3.374612298356265416e-01,1.539527839864796688e+00,-4.060927319654282497e-02,3.306907211222808174e-01,-9.326254426820319854e-02
-4.823317137281336875e-02,-1.997508224943796932e-03,5.013829004131103995e-01,9.491268363265588093e-01,-2.608707045062702083e-07,3.148940275150756696e-01,6.657755303078019341e-08,-1.835643623149491255e+00,4.965887937958030629e-01,-1.795074738816190840e-02,1.790069852311011678e+00,-5.717046752177097346e-01,-1.128886065157685969e-01,-1.827138175482188931e+00,-6.035102097283703282e-01,-5.865327955175470703e-02,1.799798799972081920e+00,-5.762590952162607305e-01,6.048493912012731927e-02,-3.142257101972998484e-03,-4.662876251791988128e-03,2.035896451234229243e-01,-1.278588656041524940e+00,5.946258316856880555e-01,3.176161304522487905e-01,1.543661355418927350e+00,3.994578880411814303e-02,3.356511874313938826e-01,9.348203273430648330e-02,-1.275429855684067748e+00,-5.783540129083544201e-01,-3.374943728508303931e-01,1.540146816899052196e+00,-4.053433938528556296e-02,3.309858811499476472e-01,-9.301858723076757152e-02
-4.845477396066374953e-02,-2.000559871084552424e-03,5.015327265661709832e-01,9.491268363265588093e-01,-2.608707045062702083e-07,3.148940275150756696e-01,6.657755303078019341e-08,-1.835613842830553288e+00,4.965378215561723763e-01,-1.764999356667756869e-02,1.789250493568284917e+00,-5.709106016195957256e-01,-1.125974662007087068e-01,-1.827069826833250143e+00,-6.034479934968655090e-01,-5.902969958408556955e-02,1.798992982001092589e+00,-5.755131261981665247e-01,6.014223117356191917e-02,-3.138263335035006325e-03,-4.631474564112573501e-03,2.014051989687502542e-01,-1.279031673738303843e+00,5.897652914189646101e-01,3.176938032341702356e-01,1.544598695979148228e+00,3.981290531101926156e-02,3.361062066524985736e-01,9.310372296163686723e-02,-1.275920208192192762e+00,-5.735266023369200994e-01,-3.375554688721275065e-01,1.541085345617191571e+00,-4.041046469863546209e-02,3.314339682929995368e-01,-9.263808267658986406e-02
-4.875801019684226911e-02,-2.004710977114637725e-03,5.017359763699567043e-01,9.491268363265588093e-01,-2.608707045062702083e-07,3.148940275150756696e-01,6.657755303078019341e-08,-1.835576960520335810e+00,4.964681076079116018e-01,-1.724094992297942747e-02,1.788134931028253494e+00,-5.698262639740202529e-01,-1.121997408896265591e-01,-1.826980524117362448e+00,-6.033631002978858682e-01,-5.954178206701377790e-02,1.797895866653488994e+00,-5.744944594888697909e-01,5.967388016360237329e-02,-3.132300934880238950e-03,-4.587913133829582719e-03,1.984482384061377613e-01,-1.279660480732844441e+00,5.830941097304831455e-01,3.178213097495627415e-01,1.545875778943417655e+00,3.961141464885909597e-02,3.367275320183059639e-01,9.256678940642945608e-02,-1.276613852435722229e+00,-5.669010267367972089e-01,-3.376601032153750404e-01,1.542364214324646987e+00,-4.022140271872046841e-02,3.320456541072500656e-01,-9.209859907520351330e-02
-4.914400804336902656e-02,-2.009954584483049193e-03,5.019916872723515500e-01,9.491268363265588093e-01,-2.608707045062702083e-07,3.148940275150756696e-01,6.657755303078019341e-08,-1.835536646961787088e+00,4.963794310597314796e-01,-1.672453056270919655e-02,1.786724519373622755e+00,-5.684498092050809248e-01,-1.116945799340119255e-01,-1.826874083609305810e+00,-6.032554585908663780e-01,-6.018851780659956185e-02,1.796508800798725103e+00,-5.732013449046343689e-01,5.907870300294275345e-02,-3.123843953308158387e-03,-4.531453312824301576e-03,1.947390279332939511e-01,-1.280499559329095760e+00,5.745676695579780002e-01,3.180193028030504632e-01,1.547491333725303120e+00,3.932183883183720807e-02,3.375159746091201396e-01,9.185094524316668452e-02,-1.277535543593708800e+00,-5.584331256583421332e-01,-3.378286631659515038e-01,1.543982305523819321e+00,-3.994781734658611055e-02,3.328215584111634540e-01,-9.138028377771541255e-02
-4.960974724435801564e-02,-2.016222601748959495e-03,5.022956299761753840e-01,9.491268363265588093e-01,-2.608707045062702083e-07,3.148940275150756696e-01,6.657755303078019341e-08,-1.835498221741122871e+00,4.962725410968819584e-01,-1.610794155559804042e-02,1.785037478040525816e+00,-5.667948204101129761e-01,-1.110867282120702182e-01,-1.826756777419539679e+00,-6.031262395308665258e-01,-6.096107139028062588e-02,1.794849725688555386e+00,-5.716465409666618980e-01,5.836204600102324475e-02,-3.112274795737008781e-03,-4.461786845741661303e-03,1.903471332298964092e-01,-1.281571347784846715e+00,5.642265939033790367e-01,3.183118144493365942e-01,1.549424070697669187e+00,3.892264195714076336e-02,3.384631207508581041e-01,9.093863109287461666e-02,-1.278707068602421781e+00,-5.481634724654863566e-01,-3.380851812911578880e-01,1.545918486451221430e+00,-3.956816768235647125e-02,3.337531554008023038e-01,-9.046617465252219936e-02
-5.014866050584051299e-02,-2.023397251295169699e-03,5.026408810400398997e-01,9.491268363265588093e-01,-2.608707045062702083e-07,3.148940275150756696e-01,6.657755303078019341e-08,-1.835468246857773433e+00,4.961490185907817541e-01,-1.540363336864782745e-02,1.783106166212870214e+00,-5.648879430076679808e-01,-1.103856600796707527e-01,-1.826636785793612994e+00,-6.029776727084507071e-01,-6.184408573284459754e-02,1.792950497768981855e+00,-5.698550911986722811e-01,5.753477878787709165e-02,-3.096897533103079841e-03,-4.379004530336524405e-03,1.853824925854207217e-01,-1.282895532700738972e+00,5.521850874087859129e-01,3.187241355386252195e-01,1.551635258119328453e+00,3.839198439052544237e-02,3.395525200002502686e-01,8.981610043320953363e-02,-1.280146628326800151e+00,-5.362058113653809244e-01,-3.384551902438364124e-01,1.548134164183713857e+00,-3.906047443780470002e-02,3.348239510967907506e-01,-8.934323495548965322e-02
-5.075130040670805531e-02,-2.031323603530257697e-03,5.030185045633346341e-01,9.491268363265588093e-01,-2.608707045062702083e-07,3.148940275150756696e-01,6.657755303078019341e-08,-1.835453956373906736e+00,4.960111201789889068e-01,-1.462807044706697368e-02,1.780973899851043596e+00,-5.627661962098478021e-01,-1.096046067140100805e-01,-1.826523462855822011e+00,-6.028128323631846142e-01,-6.281720649274818991e-02,1.790853757083064046e+00,-5.678618022960790768e-01,5.661217245909863638e-02,-3.076969231501662603e-03,-4.283577430980952533e-03,1.799846867247481830e-01,-1.284487641706370864e+00,5.386185232428634118e-01,3.192800579421050111e-01,1.554071944446379083e+00,3.771004854968171283e-02,3.407611172005560740e-01,8.847496753466871366e-02,-1.281867534688676757e+00,-5.227347429133009094e-01,-3.389629412743291881e-01,1.550576480530618362e+00,-3.840465744196013692e-02,3.360109090161768064e-01,-8.800382898266614906e-02
-5.140603807123338143e-02,-2.039822240634467810e-03,5.034182901439563373e-01,9.491268363265588093e-01,-2.608707045062702083e-07,3.148940275150756696e-01,6.657755303078019341e-08,-1.835462581162562667e+00,4.958616121794157672e-01,-1.380040590131153926e-02,1.778691523401197516e+00,-5.604741315378022337e-01,-1.087595372167677182e-01,-1.826426487449335889e+00,-6.026354052998297295e-01,-6.385671782416300901e-02,1.788609552432666172e+00,-5.657085750119847933e-01,5.561273016126545149e-02,-3.051748660105453332e-03,-4.176347624509649248e-03,1.743112726248228772e-01,-1.286357179746135504e+00,5.237508259326847382e-01,3.199989141062931641e-01,1.556670745791891575e+00,3.686155578365366697e-02,3.420608914418348800e-01,8.691387014563319025e-02,-1.283876468728166076e+00,-5.079731979936825681e-01,-3.396284204653884919e-01,1.553182072004144487e+00,-3.758506422287375554e-02,3.372860865784435558e-01,-8.644729854198196506e-02
-5.209975607768140005e-02,-2.048700470114684681e-03,5.038294924301889299e-01,9.491268363265588093e-01,-2.608707045062702083e-07,3.148940275150756696e-01,6.657755303078019341e-08,-1.835500628922162702e+00,4.957036026815807017e-01,-1.294115165379730245e-02,1.776313962534181279e+00,-5.580610127244034491e-01,-1.078681558179243605e-01,-1.826354973043236241e+00,-6.024494536317458460e-01,-6.493717473049200051e-02,1.786271944667657374e+00,-5.634417486472562686e-01,5.455704343300184916e-02,-3.020561289151655476e-03,-4.058521913155221407e-03,1.685260955140655270e-01,-1.288505574294036116e+00,5.078421838626029361e-01,3.208928542326605071e-01,1.559362041820579581e+00,3.583809102720853651e-02,3.434206314785605008e-01,8.513991024400652252e-02,-1.286171569841417783e+00,-4.921802248792271350e-01,-3.404645995788224133e-01,1.555881243980631545e+00,-3.659280968479448892e-02,3.386184132516608658e-01,-8.468131249852953180e-02
-5.281850903347317522e-02,-2.057762366488856062e-03,5.042415185642995512e-01,9.491268363265588093e-01,-2.608707045062702083e-07,3.148940275150756696e-01,6.657755303078019341e-08,-1.835573204817700477e+00,4.955403788235108742e-01,-1.207093393461561304e-02,1.773896970993403821e+00,-5.555781556460089865e-01,-1.069489650618870163e-01,-1.826316632085862812e+00,-6.022591842697372355e-01,-6.603292854354350649e-02,1.783895800423839217e+00,-5.611095931022459515e-01,5.346672414855451611e-02,-2.982877996657886960e-03,-3.931664587361061343e-03,1.627884274039847756e-01,-1.290924233597553039e+00,4.911775396061603405e-01,3.219647291476726014e-01,1.562074362845056630e+00,3.463991613869057962e-02,3.448077714821658479e-01,8.316959931304428177e-02,-1.288740660466435539e+00,-4.756395228580339030e-01,-3.414752908319220182e-01,1.558602348666183524e+00,-3.542760648381431537e-02,3.399755315870341965e-01,-8.272273003420169135e-02
-5.354812585856653928e-02,-2.066816947551240128e-03,5.046445224316244982e-01,9.491268363265588093e-01,-2.608707045062702083e-07,3.148940275150756696e-01,6.657755303078019341e-08,-1.835683432656416425e+00,4.953752563284246069e-01,-1.120940238494499801e-02,1.771494246269974759e+00,-5.530765506323890301e-01,-1.060204354334867149e-01,-1.826317063587200140e+00,-6.020687370075115119e-01,-6.711946186264812486e-02,1.781533948284115931e+00,-5.587600634915613762e-01,5.236345745637098481e-02,-2.938402511598219632e-03,-3.797681196589359175e-03,1.572436261712982508e-01,-1.293592973714907890e+00,4.740561436768025994e-01,3.232068396731850868e-01,1.564738682983912721e+00,3.327704484834131254e-02,3.461901780136107387e-01,8.102913295604291521e-02,-1.291559861377099772e+00,-4.586490032736509348e-01,-3.426538641095673854e-01,1.561276084903847838e+00,-3.409886125525082856e-02,3.413255927045873994e-01,-8.059781387410253073e-02
-5.427473873021706335e-02,-2.075684864818431227e-03,5.050298745192682848e-01,9.491268363265588093e-01,-2.608707045062702083e-07,3.148940275150756696e-01,6.657755303078019341e-08,-1.835832038537713595e+00,4.952114466352216526e-01,-1.037434538469337621e-02,1.769155045904783785e+00,-5.506048444350444271e-01,-1.051003052339222199e-01,-1.826359230651025456e+00,-6.018820007876269917e-01,-6.817447375551380362e-02,1.779234829060970968e+00,-5.564388934041483159e-01,5.126819777779906273e-02,-2.887159293092157568e-03,-3.658787645550115250e-03,1.520158139065329594e-01,-1.296479051188781817e+00,4.567822960978649149e-01,3.246006755513705655e-01,1.567292317444935801e+00,3.176946779186657493e-02,3.475377805650613494e-01,7.875392415196362517e-02,-1.294592826388751394e+00,-4.415115016123973835e-01,-3.439829506622847366e-01,1.563839418396728353e+00,-3.262592391428430910e-02,3.426388968493907505e-01,-7.834173405934427570e-02
-5.498522892137329421e-02,-2.084203826633632389e-03,5.053904899791443750e-01,9.491268363265588093e-01,-2.608707045062702083e-07,3.148940275150756696e-01,6.657755303078019341e-08,-1.836017137498942686e+00,4.950519457873380214e-01,-9.581041556644596946e-03,1.766922385905790982e+00,-5.482077273752579138e-01,-1.042050220078813566e-01,-1.826443170717561459e+00,-6.017024656789683457e-01,-6.917868157383365302e-02,1.777040721512056276e+00,-5.541880719422999091e-01,5.020051801031485961e-02,-2.829570281240953705e-03,-3.517459784497866532e-03,1.472028649625674313e-01,-1.299536983262066236e+00,4.396572427597585930e-01,3.261176364129306227e-01,1.569682135730035233e+00,3.014652329928901864e-02,3.488239384597187631e-01,7.638742029591109872e-02,-1.297790764774078065e+00,-4.245266172494420176e-01,-3.454351268346289028e-01,1.566238830928141867e+00,-3.103748415432494578e-02,3.438892699314187729e-01,-7.599739373592595548e-02
-5.566758561458270277e-02,-2.092232998195547346e-03,5.057210100292650612e-01,9.491268363265588093e-01,-2.608707045062702083e-07,3.148940275150756696e-01,6.657755303078019341e-08,-1.836234244244413061e+00,4.948994476462921233e-01,-8.841857002360425932e-03,1.764831854045928683e+00,-5.459247393764695699e-01,-1.033493255563582153e-01,-1.826565959388356530e+00,-6.015331153528781227e-01,-7.011632967988304377e-02,1.774986576434580021e+00,-5.520447192394791758e-01,4.917811045864625696e-02,-2.766506835013228006e-03,-3.376361520082778525e-03,1.428737962970415831e-01,-1.302709281579092160e+00,4.229720720026798886e-01,3.277206166115412822e-01,1.571866856779690069e+00,2.844549958755799440e-02,3.500264566442028435e-01,7.397930295254134814e-02,-1.301093358877458916e+00,-4.079835444779830733e-01,-3.469744615009839883e-01,1.568432659103267346e+00,-2.937019830618128879e-02,3.450550851750386894e-01,-7.361367622277052714e-02
-5.631117886393680050e-02,-2.099656408349848818e-03,5.060178431600773630e-01,9.491268363265588093e-01,-2.608707045062702083e-07,3.148940275150756696e-01,6.657755303078019341e-08,-1.836476508444647271e+00,4.947562821611929396e-01,-8.166078918901831588e-03,1.762911025295581746e+00,-5.437894811243229043e-01,-1.025459632739859489e-01,-1.826721926404790697e+00,-6.013763617960893315e-01,-7.097541626017898897e-02,1.773099446400919099e+00,-5.500403479369111448e-01,4.821642959764018549e-02,-2.699303454488770088e-03,-3.238252600831606747e-03,1.390684766066863642e-01,-1.305928162764812273e+00,4.070013779101825935e-01,3.293662587270608233e-01,1.573818275738411154e+00,2.670961719713063967e-02,3.511281968527439901e-01,7.158321669410920574e-02,-1.304430620219085402e+00,-3.921546853061973481e-01,-3.485587336690507687e-01,1.570392364900194515e+00,-2.766669312024868516e-02,3.461198725582553259e-01,-7.124325312283305567e-02
-5.690695266181552275e-02,-2.106385267795908827e-03,5.062790822578654426e-01,9.491268363265588093e-01,-2.608707045062702083e-07,3.148940275150756696e-01,6.657755303078019341e-08,-1.836735155848249645e+00,4.946243774959052097e-01,-7.559960097805368089e-03,1.761179425367683349e+00,-5.418291922887881196e-01,-1.018055213121792923e-01,-1.826903101696105702e+00,-6.012340206881449101e-01,-7.174766754016952131e-02,1.771398457146016847e+00,-5.482004741319467245e-01,4.732846007034272051e-02,-2.629723012211867411e-03,-3.105880464217019091e-03,1.357994203346472306e-01,-1.309118232452145536e+00,3.919974221609210385e-01,3.310076414369774178e-01,1.575521375737580554e+00,2.498557503419017792e-02,3.521172737987658397e-01,6.925419462100441959e-02,-1.307725662915521836e+00,-3.772898002982965626e-01,-3.501420871423360226e-01,1.572102683814829094e+00,-2.597312831583871093e-02,3.470725020021005469e-01,-6.894010864606758826e-02
-5.744754875895618368e-02,-2.112358940810326290e-03,5.065043214222861856e-01,9.491268363265588093e-01,-2.608707045062702083e-07,3.148940275150756696e-01,6.657755303078019341e-08,-1.837000100280266723e+00,4.945052428644776121e-01,-7.026935399531301918e-03,1.759648952770154651e+00,-5.400646375008412159e-01,-1.011363490738607512e-01,-1.827099852288911030e+00,-6.011073226319262330e-01,-7.242830348660424244e-02,1.769895230960952581e+00,-5.465445201455987334e-01,4.652458794030167599e-02,-2.559869084789930058e-03,-2.981862575723063895e-03,1.330553067130318678e-01,-1.312200069047680717e+00,3.781845301373438772e-01,3.325971648081272325e-01,1.576973391672382263e+00,2.332085122571099511e-02,3.529868705082268576e-01,6.704594698303752154e-02,-1.310898309647163584e+00,-3.636104526790651104e-01,-3.516778853461032806e-01,1.573560710864504442e+00,-2.433650921342824305e-02,3.479069723909583023e-01,-6.675693051879899587e-02
-5.792737656198458651e-02,-2.117544523306644829e-03,5.066944021625546801e-01,9.491268363265588093e-01,-2.608707045062702083e-07,3.148940275150756696e-01,6.657755303078019341e-08,-1.837260679028379862e+00,4.943999672506719234e-01,-6.567961184914394325e-03,1.758324639149090984e+00,-5.385102213869651377e-01,-1.005445501475495523e-01,-1.827301657099778209e+00,-6.009969523234748312e-01,-7.301565202244940378e-02,1.768594642570493480e+00,-5.450859333634588966e-01,4.581254775173525945e-02,-2.492048279136838389e-03,-2.868566833024036380e-03,1.308057617464120914e-01,-1.315094562430882963e+00,3.657534902617178285e-01,3.340894225716410926e-01,1.578182004530775062e+00,2.176093697248173559e-02,3.537347456904232912e-01,6.500816044431075025e-02,-1.313869384035468046e+00,-3.513045239707305867e-01,-3.531215555411018614e-01,1.574774099881311562e+00,-2.280192878032856821e-02,3.486218784070517218e-01,-6.474249942852500217e-02
-5.834264745480254727e-02,-2.121934700515647025e-03,5.068511219713881522e-01,9.491268363265588093e-01,-2.608707045062702083e-07,3.148940275150756696e-01,6.657755303078019341e-08,-1.837506455223324675e+00,4.943092279449112225e-01,-6.181921719140076425e-03,1.757205608918109396e+00,-5.371742431748564028e-01,-1.000340098320783161e-01,-1.827497957703795306e+00,-6.009031057721216929e-01,-7.351067543115075154e-02,1.767495768745339646e+00,-5.438324339037333699e-01,4.519741611737958936e-02,-2.428593217198556174e-03,-2.767995686688046793e-03,1.290068559972086804e-01,-1.317727784967485771e+00,3.548557724040221073e-01,3.354438975110420884e-01,1.579162939156687040e+00,2.034665358249135650e-02,3.543625339392373896e-01,6.318392567741080990e-02,-1.316565477268216933e+00,-3.405206153857444629e-01,-3.544332563060806907e-01,1.575758648957753749e+00,-2.140989268781049587e-02,3.492196586828864024e-01,-6.293918186182956287e-02
-5.869139958444314492e-02,-2.125545126452410994e-03,5.069769417227286690e-01,9.491268363265588093e-01,-2.608707045062702083e-07,3.148940275150756696e-01,6.657755303078019341e-08,-1.837728030423156245e+00,4.942333015483608705e-01,-5.866041803617444948e-03,1.756286071915288849e+00,-5.360591746068807950e-01,-9.960642463636852628e-02,-1.827679019785892534e+00,-6.008255525736376779e-01,-7.391648675746674557e-02,1.766592869406445221e+00,-5.427862835883617842e-01,4.468161001094247964e-02,-2.371662356494551836e-03,-2.681680817211974828e-03,1.276067308608655193e-01,-1.320036130348660519e+00,3.455974437929306142e-01,3.366273683566192165e-01,1.579937307198585161e+00,1.911167043122481701e-02,3.548749649545785978e-01,6.160737400358941990e-02,-1.318923942346185818e+00,-3.313621952118155356e-01,-3.555802580682957403e-01,1.576535617603154860e+00,-2.019384489167420221e-02,3.497057532501161581e-01,-6.138060313543051982e-02
-5.897353421824035047e-02,-2.128410658932202489e-03,5.070747260679419055e-01,9.491268363265588093e-01,-2.608707045062702083e-07,3.148940275150756696e-01,6.657755303078019341e-08,-1.837917804324441295e+00,4.941720705630923138e-01,-5.616245217659420613e-03,1.755556197428486787e+00,-5.351618651568897933e-01,-9.926130243706117462e-02,-1.827836737098185393e+00,-6.007636919091526861e-01,-7.423792327611637709e-02,1.765876248224670819e+00,-5.419444813266344196e-01,4.426486042591853270e-02,-2.323037246815298253e-03,-2.610587262134996585e-03,1.265507212651084956e-01,-1.321971370872539353e+00,3.380326960664153391e-01,3.376159700237290617e-01,1.580529060684519260e+00,1.808030398258241370e-02,3.552791252563441970e-01,6.030157026551899446e-02,-1.320897795483560788e+00,-3.238813856949833148e-01,-3.565389739116455736e-01,1.577129147207859239e+00,-1.917797927734224070e-02,3.500878019363953819e-01,-6.008954698602141098e-02
-5.919089317233411363e-02,-2.130582342416974338e-03,5.071475506836301550e-01,9.491268363265588093e-01,-2.608707045062702083e-07,3.148940275150756696e-01,6.657755303078019341e-08,-1.838070632524363868e+00,4.941250181185296020e-01,-5.427401499850306212e-03,1.755002703883326687e+00,-5.344735521990485738e-01,-9.899589821878057583e-02,-1.827965319753217077e+00,-6.007165887935089765e-01,-7.448125467932557864e-02,1.765332832536768981e+00,-5.412987738314953834e-01,4.394411558604899987e-02,-2.283937222163324836e-03,-2.555029337212920242e-03,1.257853914053227717e-01,-1.323505309583774991e+00,3.321569519957835448e-01,3.383968863710214992e-01,1.580962915889039699e+00,1.726565101656124188e-02,3.555838955573587534e-01,5.927667725780780966e-02,-1.322460227639965291e+00,-3.180723250534726043e-01,-3.572966225479509150e-01,1.577564151624576194e+00,-1.837538786126100346e-02,3.503750205727563793e-01,-5.907610711792316699e-02
-5.934739863478275673e-02,-2.132125638518217372e-03,5.071986043777461095e-01,9.491268363265588093e-01,-2.608707045062702083e-07,3.148940275150756696e-01,6.657755303078019341e-08,-1.838184334434791456e+00,4.940912050937758537e-01,-5.293411827210399608e-03,1.754609031367776462e+00,-5.339795856429769838e-01,-9.880505816200360614e-02,-1.828061813095664068e+00,-6.006829803448082705e-01,-7.465408637002667047e-02,1.764946341911976635e+00,-5.408353962324375930e-01,4.371334294766943823e-02,-2.254869384791215008e-03,-2.514595562128683556e-03,1.252609669236148526e-01,-1.324633701390159457e+00,3.278995372988962598e-01,3.389696830897210855e-01,1.581263048590426434e+00,1.666808231939351237e-02,3.557996699288621389e-01,5.852838684487936954e-02,-1.323608427199493232e+00,-3.138640630542081644e-01,-3.578525301139076631e-01,1.577864985425208921e+00,-1.778657220473655806e-02,3.505778676447113273e-01,-5.833609656867178028e-02
-5.944927298236043350e-02,-2.133120689865666397e-03,5.072312046818019393e-01,9.491268363265588093e-01,-2.608707045062702083e-07,3.148940275150756696e-01,6.657755303078019341e-08,-1.838260024280046867e+00,4.940692253746100659e-01,-5.207100829143694772e-03,1.754355003042616712e+00,-5.336587970503573475e-01,-9.868095122881484493e-02,-1.828126415391832182e+00,-6.006612446063922528e-01,-7.476550110582905195e-02,1.764696953934034251e+00,-5.405344780293153129e-01,4.356320411427675593e-02,-2.235526202461494884e-03,-2.488080271839801690e-03,1.249318053219622138e-01,-1.325379209463750430e+00,3.251159274548421907e-01,3.393473031444243504e-01,1.581452771904394039e+00,1.627410264686399155e-02,3.559384348849981006e-01,5.803659956042043350e-02,-1.324366499072270331e+00,-3.111129779786993010e-01,-3.582190938846509520e-01,1.578055105495869137e+00,-1.739832231542726496e-02,3.507080838093635800e-01,-5.784970824775990950e-02
-5.950534495469897434e-02,-2.133665088965311547e-03,5.072489330230515181e-01,9.491268363265588093e-01,-2.608707045062702083e-07,3.148940275150756696e-01,6.657755303078019341e-08,-1.838302255538198038e+00,4.940571379429567478e-01,-5.159903431456498539e-03,1.754215942442896914e+00,-5.334824888143602228e-01,-9.861268173085484257e-02,-1.828162582843687378e+00,-6.006493292699708331e-01,-7.482645435726736904e-02,1.764560435540927674e+00,-5.403690925055902872e-01,4.348059358289690229e-02,-2.224735247298228590e-03,-2.473419883353431339e-03,1.247547901400853920e-01,-1.325793298202331494e+00,3.235796003732596127e-01,3.395567599751495025e-01,1.581555268258747260e+00,1.605555818904218918e-02,3.560142343582367030e-01,5.776432442987134569e-02,-1.324787389516977942e+00,-3.095947348571388424e-01,-3.584224438951971736e-01,1.578157799546674012e+00,-1.718294267579582521e-02,3.507791320335338914e-01,-5.758040657169899434e-02
-5.952743341548194511e-02,-2.133878895532400916e-03,5.072558745732121954e-01,9.491268363265588093e-01,-2.608707045062702083e-07,3.148940275150756696e-01,6.657755303078019341e-08,-1.838319003925651618e+00,4.940523783495033849e-01,-5.141371463690986264e-03,1.754161310930320683e+00,-5.334130856150346434e-01,-9.858579597116826077e-02,-1.828176950134526191e+00,-6.006446449037063928e-01,-7.485039311618786606e-02,1.764506803141956404e+00,-5.403039893327595822e-01,4.344805591803873462e-02,-2.220455936996202501e-03,-2.467631733035913731e-03,1.246858743914543155e-01,-1.325957159610994474e+00,3.229735634104849429e-01,3.396395869994970895e-01,1.581595265626020819e+00,1.596913456296972927e-02,3.560439805456259710e-01,5.765675487527045784e-02,-1.324953907923990259e+00,-3.089958576974254911e-01,-3.585028610425448625e-01,1.578197870686695703e+00,-1.709776797586547853e-02,3.508069975026122389e-01,-5.747400856181643369e-02
-5.953078403651142908e-02,-2.133911597575775376e-03,5.072569328273761613e-01,9.491268363265588093e-01,-2.608707045062701553e-07,3.148940275150756141e-01,6.657755303078016694e-08,-1.838321548525921445e+00,4.940516554321452425e-01,-5.138579868069524138e-03,1.754153097681689033e+00,-5.334026438029135786e-01,-9.858174094207543259e-02,-1.828179138655557256e+00,-6.006439334237109184e-01,-7.485399762256617073e-02,1.764498741850768271e+00,-5.402941949590535087e-01,4.344314879766871668e-02,-2.219805878536736023e-03,-2.466754983535801669e-03,1.246755091966299106e-01,-1.325982044911052649e+00,3.228817014710055333e-01,3.396521533750897492e-01,1.581601294427971149e+00,1.595602236293429052e-02,3.560484797032683613e-01,5.764043949616269591e-02,-1.324979193988234716e+00,-3.089050812338452467e-01,-3.585150629706497782e-01,1.578203910339222249e+00,-1.708484416759900246e-02,3.508112104918073570e-01,-5.745787113827603015e-02
-5.956996951870310170e-02,-2.133972764626068230e-03,5.073787679035302034e-01,9.491548982267341561e-01,-2.608458382431921058e-07,3.148094331053715722e-01,6.651360881036460312e-08,-1.837861741265423010e+00,4.940444865425835941e-01,-4.957598200902903381e-03,1.753709763394829091e+00,-5.332071550310146790e-01,-9.853353282821190884e-02,-1.827699904254324048e+00,-6.006184349530796496e-01,-7.506338218154864905e-02,1.764058734491434022e+00,-5.401037016819272285e-01,4.340328126602285147e-02,-2.218872927398779504e-03,-2.466214092030756273e-03,1.246022460496641338e-01,-1.325624953619804591e+00,3.227617747319645458e-01,3.396394114846953971e-01,1.581245690837359996e+00,1.593564844621413873e-02,3.557558919273949294e-01,5.764949791592369893e-02,-1.324622904288169201e+00,-3.087841300273417300e-01,-3.584971100426672108e-01,1.577848934990032648e+00,-1.706548577609209860e-02,3.505178580480926565e-01,-5.746164140120340463e-02
-5.982810351008296945e-02,-2.134387197448025554e-03,5.081822588747865188e-01,9.493398076687810105e-01,-2.606817666577000957e-07,3.142513795917681874e-01,6.609181485608837210e-08,-1.834827773365576897e+00,4.939959672082134268e-01,-3.764447327962387908e-03,1.750784026860988662e+00,-5.319172031405349221e-01,-9.821658007453680506e-02,-1.824538207108766130e+00,-6.004488001695004185e-01,-7.644373173418274325e-02,1.761155116519887986e+00,-5.388466633692191587e-01,4.314125104659553844e-02,-2.212704257631082933e-03,-2.462689480623369339e-03,1.241207748931358046e-01,-1.323269980949133062e+00,3.219711180152327601e-01,3.395549053847630172e-01,1.578897720762970858e+00,1.580196417660845870e-02,3.538270444988511620e-01,5.770901351161050047e-02,-1.322273160703249184e+00,-3.079867048293274956e-01,-3.583782988348838128e-01,1.575505117602924221e+00,-1.693838938716593287e-02,3.485839289381187922e-01,-5.748633409568131014e-02
-6.047962335425029201e-02,-2.135516146071626646e-03,5.102172464440566380e-01,9.498069223125523708e-01,-2.602655850830415346e-07,3.128367151200210361e-01,6.502283339031720488e-08,-1.827131322896635268e+00,4.938634343537607330e-01,-7.456928039679952070e-04,1.743358533239911079e+00,-5.286444988883484131e-01,-9.742135556166552079e-02,-1.816520693984164048e+00,-6.000076723852760807e-01,-7.993601923085277838e-02,1.753786284348415769e+00,-5.356569203885106489e-01,4.248447942268879229e-02,-2.196960676637609629e-03,-2.454075288149272678e-03,1.229143655049773354e-01,-1.317305501329475215e+00,3.199705321809459546e-01,3.393371837577607852e-01,1.572929261890858355e+00,1.546863527104221439e-02,3.489475311883870612e-01,5.785800536323969928e-02,-1.316321495598830271e+00,-3.059688980436426897e-01,-3.580741489663802346e-01,1.569547252242154078e+00,-1.662091905134463823e-02,3.436912582375674652e-01,-5.754752323576413364e-02
-6.164956693894076828e-02,-2.137847464281663040e-03,5.138972636407814765e-01,9.506472871841978867e-01,-2.595106031625830932e-07,3.102736459470155084e-01,6.308703554517754526e-08,-1.813168066048269411e+00,4.935886233446575289e-01,4.702046272887684328e-03,1.729873517933816940e+00,-5.227053415596116803e-01,-9.601039107851840060e-02,-1.801984551344528063e+00,-5.991679783160196449e-01,-8.623854996846198884e-02,1.740404583468614819e+00,-5.298657891047343638e-01,4.132152961600139840e-02,-2.168049885140172547e-03,-2.439629247910262647e-03,1.207799672774156480e-01,-1.306518827668385674e+00,3.163596942926642508e-01,3.389299469595387637e-01,1.562056612637152231e+00,1.488481576374598402e-02,3.401435110234041215e-01,5.812097140212378610e-02,-1.305556449078374648e+00,-3.023266014717189698e-01,-3.575122743139238501e-01,1.558694036934354710e+00,-1.606280302163051385e-02,3.348624005195557918e-01,-5.765313814258565123e-02
-6.341241461917793143e-02,-2.142148999680320697e-03,5.195074418115920301e-01,9.519176908236831602e-01,-2.583536338348360209e-07,3.063538964936409759e-01,6.012898928049758936e-08,-1.791767152681538411e+00,4.930824981080024760e-01,1.298004464635832411e-02,1.709170832316948108e+00,-5.135975139395109190e-01,-9.392537829599278965e-02,-1.779731314114391783e+00,-5.977837238628980199e-01,-9.581462450478298032e-02,1.719863691141795936e+00,-5.209796417236146615e-01,3.960869588691155740e-02,-2.122857837372029918e-03,-2.420448365380076846e-03,1.176434981913197508e-01,-1.290072111712281311e+00,3.108727960470168972e-01,3.382753882449879845e-01,1.545284417171650659e+00,1.404114521786451256e-02,3.267689221800360033e-01,5.850523809121343372e-02,-1.289138885331725604e+00,-2.967907449676746023e-01,-3.566261368855190850e-01,1.541952139906976660e+00,-1.525102203573555811e-02,3.214473157124280167e-01,-5.780111037449691541e-02
-6.579173265530301185e-02,-2.149592544116918271e-03,5.272118827329990154e-01,9.536414454130780483e-01,-2.567525012519268017e-07,3.009451670826202574e-01,5.605203843775647071e-08,-1.762146894198941327e+00,4.922154334817200882e-01,2.429747080684389882e-02,1.680444060063959411e+00,-5.009787913341139376e-01,-9.118854734420255015e-02,-1.748981127332992491e+00,-5.956767459807279508e-01,-1.089046606180161247e-01,1.691365962756285812e+00,-5.086576192738273550e-01,3.737189498814821875e-02,-2.058529821906572663e-03,-2.399753973124467421e-03,1.135670068465288035e-01,-1.267477713455788635e+00,3.033740192632720101e-01,3.373094604224663451e-01,1.521863602700850748e+00,1.297184935475146489e-02,3.084868338456935311e-01,5.899851136585090167e-02,-1.266577096134229086e+00,-2.892221966188819327e-01,-3.553504699804055367e-01,1.518574232474604324e+00,-1.421145126127317838e-02,3.031043429628289543e-01,-5.797704418545726601e-02
-6.876124087831685106e-02,-2.161848012190669549e-03,5.370610908002111383e-01,9.558103266389599284e-01,-2.546838916973471718e-07,2.939840463192813225e-01,5.081301219107233266e-08,-1.723876825102699906e+00,4.908156217493235829e-01,3.868577619422208791e-02,1.643195001237981456e+00,-4.846470352045540997e-01,-8.789625824473019933e-02,-1.709337091047369528e+00,-5.926333881137554327e-01,-1.255397115354950077e-01,1.654422530799175117e+00,-4.926940871689431956e-01,3.470073008836639661e-02,-1.972315919004816349e-03,-2.382935634166939969e-03,1.087444736725700495e-01,-1.238573151970047803e+00,2.938523663298741040e-01,3.359605781128400803e-01,1.491270710678214151e+00,1.175088291466479078e-02,2.852409081791597023e-01,5.956695856809247902e-02,-1.237701907679434221e+00,-2.796057387593280374e-01,-3.536197220394541318e-01,1.488038332580425838e+00,-1.300545109316621206e-02,2.797714795950928535e-01,-5.815215715714108086e-02
-7.224759399968899709e-02,-2.181119555003977698e-03,5.489990874007817379e-01,9.583878205629948743e-01,-2.521415829126379267e-07,2.854694123657509630e-01,4.441706497032383425e-08,-1.676848765822657183e+00,4.886765057928271760e-01,5.601625702582754135e-02,1.597201537475172684e+00,-4.645248082720971894e-01,-8.420433998531956510e-02,-1.660753194803906041e+00,-5.884115545697145011e-01,-1.455602112756835820e-01,1.608820088920252855e+00,-4.730041606357678341e-01,3.173589614786141710e-02,-1.861510933988794756e-03,-2.377278007967804831e-03,1.034813942847201684e-01,-1.203495654938887771e+00,2.824151649993766333e-01,3.341526823379686317e-01,1.453213543730264456e+00,1.048169607721432389e-02,2.572165415294651036e-01,6.015431680730126685e-02,-1.202641856576450508e+00,-2.680425604806785933e-01,-3.513702497156796500e-01,1.450053402465776520e+00,-1.172107380743462983e-02,2.516275869806375298e-01,-5.828195386470569339e-02
-7.613500620791684159e-02,-2.210076081490936015e-03,5.628718017753053804e-01,9.613136073242282142e-01,-2.491350169642885575e-07,2.754562549175753050e-01,3.691261041210829887e-08,-1.621249156371093125e+00,4.855718237536534310e-01,7.602304492405115299e-02,1.542489039172642906e+00,-4.406454702616146579e-01,-8.030842791144053583e-02,-1.603503163075353344e+00,-5.827567914450748621e-01,-1.686400982114092673e-01,1.554593394518242633e+00,-4.496121529916581872e-01,2.865183187407160242e-02,-1.723501527590316600e-03,-2.391323591644525792e-03,9.816019468237477397e-02,-1.162656395498517181e+00,2.692790069840224065e-01,3.318134096434540714e-01,1.407660448424895794e+00,9.281483121531486358e-03,2.247915592861132739e-01,6.068248436473072660e-02,-1.161798486221933935e+00,-2.547403747916773264e-01,-3.485467774446162625e-01,1.404588631707740509e+00,-1.045963204187762979e-02,2.190433982772176935e-01,-5.830597786387953230e-02
-8.027162843066783238e-02,-2.251744740503565552e-03,5.784359296551584428e-01,9.645090545386559855e-01,-2.456881308180488739e-07,2.640497750669120736e-01,2.838628605577191038e-08,-1.557536453402358578e+00,4.812762971199988637e-01,9.832679631575264034e-02,1.479313569353974733e+00,-4.131442734229212044e-01,-7.642223474374262859e-02,-1.538150822013908625e+00,-5.754251795167021344e-01,-1.943139517235542291e-01,1.492007614036177321e+00,-4.226448055188156694e-01,2.563786711301066501e-02,-1.555866372517634294e-03,-2.434188685178050905e-03,9.318498331201242879e-02,-1.116711989548779815e+00,2.547563520832878403e-01,3.288862344360669598e-01,1.354890467817196242e+00,8.262415592683902341e-03,1.884821087828609798e-01,6.105440838085993832e-02,-1.115818979589094484e+00,-2.399995736119005518e-01,-3.451123385589542347e-01,1.351923931105559307e+00,-9.319486351239377950e-03,1.825275501621048402e-01,-5.814958334546933838e-02
-8.447777450964741308e-02,-2.309653589395648226e-03,5.953713856560655104e-01,9.678833875831547306e-01,-2.418383274055124373e-07,2.513995784413686208e-01,1.895787336223288150e-08,-1.486410792325442154e+00,4.755885726424650128e-01,1.224628585956949595e-01,1.408140899080302377e+00,-3.822492321040610319e-01,-7.275776215551886528e-02,-1.465512094051504510e+00,-5.662084331371276535e-01,-2.220113715075236471e-01,1.421539491463964966e+00,-3.923252704690684545e-01,2.288010617355173276e-02,-1.356071259067931313e-03,-2.516009310016111781e-03,8.891427942750337876e-02,-1.066530534674828168e+00,2.392360113330747329e-01,3.253444361819772812e-01,1.295546118625667376e+00,7.513433645667781310e-03,1.488894725572667832e-01,6.115954507339696478e-02,-1.065562395548006247e+00,-2.241933882281057777e-01,-3.410608412635239284e-01,1.292704211214609211e+00,-8.379066384261146458e-03,1.426718308506277899e-01,-5.772809678662443184e-02
-8.855394475973481228e-02,-2.385160880865677159e-03,6.132961958361665689e-01,9.713401423519092415e-01,-2.376354573743805557e-07,2.376937690721323826e-01,8.775102087261442008e-09,-1.408778058073107076e+00,4.683517416246335552e-01,1.479142204921173320e-01,1.329634768013779000e+00,-3.482823701268834560e-01,-6.950618858805950040e-02,-1.386612183532440312e+00,-5.549608801441427985e-01,-2.510880033246852272e-01,1.343861799540252422e+00,-3.589683102534893533e-01,2.055365546850434003e-02,-1.125102604917165407e-03,-2.639198446032710917e-03,8.557430407955526896e-02,-1.013136192628405041e+00,2.231515349030269713e-01,3.212074313025307104e-01,1.230681014680300001e+00,7.081307175944679191e-03,1.066467464641003143e-01,6.088348870239107535e-02,-1.012050435053065467e+00,-2.077424549789461394e-01,-3.364222704134374187e-01,1.227980817641202371e+00,-7.688046324430168957e-03,1.001097768002452981e-01,-5.695281447277811965e-02
-9.229187008719307028e-02,-2.479970063220442514e-03,6.317865932758309766e-01,9.747834833347198691e-01,-2.331406859639630185e-07,2.231527741655377206e-01,-1.991712311107592042e-09,-1.325707207658627595e+00,4.594722812675893220e-01,1.741383609512039687e-01,1.244626597038813509e+00,-3.116446308818924260e-01,-6.683152605253044054e-02,-1.302630839882482183e+00,-5.416170750597810724e-01,-2.808731881121844798e-01,1.259821547609223380e+00,-3.229756753662160196e-01,1.880759548620369870e-02,-8.640723988264691546e-04,-2.807623231644245428e-03,8.318095681596486546e-02,-9.576479116209811737e-01,2.069483083841241466e-01,3.165412599018269657e-01,1.161749030512008840e+00,6.967973696013021224e-03,6.240603450057530255e-02,6.011852767596580910e-02,-9.563997345037578146e-01,-1.910792411161479354e-01,-3.312720207419363461e-01,1.159209370996800992e+00,-7.255565205686202723e-03,5.549010442632196921e-02,-5.574104230902169471e-02
-9.548404614040532923e-02,-2.594430047226572479e-03,6.503994888939387264e-01,9.781239821581290128e-01,-2.284251375471866221e-07,2.080227764622705477e-01,-1.315521890561883571e-08,-1.238380786334966954e+00,4.489304767854440659e-01,2.006000165835957472e-01,1.154090723192057411e+00,-2.728103871709758321e-01,-6.486344887707486129e-02,-1.214846109628082260e+00,-5.262056734092110943e-01,-3.107069114889999262e-01,1.170415367823316899e+00,-2.848273095396267607e-01,1.776417346874905115e-02,-5.766613585319911106e-04,-3.021572919523843066e-03,8.147056604586086492e-02,-9.011884801885421403e-01,1.910419061151100162e-01,3.114548474453932014e-01,1.090542955095003208e+00,7.130419083881985379e-03,1.683764959071980608e-02,5.877683606699260488e-02,-8.997341706807047146e-01,-1.746113778319147158e-01,-3.257217536445102812e-01,1.088184285133038998e+00,-7.054906533342616276e-03,9.483440614965563814e-03,-5.402637279315746638e-02
-9.793326465169885364e-02,-2.727659831950239068e-03,6.686945923270477543e-01,9.812834957128161451e-01,-2.235682385280830586e-07,1.925686917481267968e-01,-2.451675427295470108e-08,-1.148051782175988356e+00,4.367861610485643253e-01,2.267949153903789372e-01,1.059124632183817472e+00,-2.323206683893966618e-01,-6.369759613600575743e-02,-1.124585311454471714e+00,-5.088557246040552595e-01,-3.399733715596520711e-01,1.076774761744287767e+00,-2.450771190326775650e-01,1.751799893774899641e-02,-2.691298259268098047e-04,-3.278845398921332015e-03,7.986227959016699296e-02,-8.447865654450470441e-01,1.757817694818343268e-01,3.060806218206573726e-01,1.019061621761097935e+00,7.494371950174901105e-03,-2.933579723543340914e-02,5.680258136037362460e-02,-8.430858864308823364e-01,-1.586866368591401122e-01,-3.199024541667080945e-01,1.016906202963883343e+00,-7.034909782099650448e-03,-3.718443130701484106e-02,-5.176936857434563666e-02
-9.946310783288682400e-02,-2.877771668139361867e-03,6.862561388177269572e-01,9.841988548842680595e-01,-2.186557132137984353e-07,1.770666937751036452e-01,-3.587218959576258476e-08,-1.056006700905613771e+00,4.231785056866623762e-01,2.522691872415103731e-01,9.609299809525503333e-01,-1.907729342197187761e-01,-6.339713423999798758e-02,-1.033185889097652410e+00,-4.897960821987233926e-01,-3.681276654521801195e-01,9.801536324916162446e-01,-2.043461114925367306e-01,1.813574493902699036e-02,4.997479891122662922e-05,-3.575976295698051356e-03,7.748293170592399082e-02,-7.892950538409790884e-01,1.614281047395282886e-01,3.005484069532635139e-01,9.493239497138027394e-01,7.975789938523665523e-03,-7.529349011605307451e-02,5.418096586173098972e-02,-7.873126826561597236e-01,-1.435698584333590100e-01,-3.139416307289313868e-01,9.473960553841846988e-01,-7.138361480823305835e-03,-8.368754746006573653e-02,-4.896583227474602534e-02
-9.992930703804436821e-02,-3.041147194735366408e-03,7.027082554795862634e-01,9.868241697658997058e-01,-2.137772226760291254e-07,1.617963471954627919e-01,-4.701782776689043426e-08,-9.635555557588231235e-01,4.083248152511869122e-01,2.766270220058172358e-01,8.608291747601962696e-01,-1.488242999099469721e-01,-6.399308523412569616e-02,-9.419868735181780028e-01,-4.693570192109491890e-01,-3.947043569246490025e-01,8.819502851949723166e-01,-1.633268752056627471e-01,1.965701855419529909e-02,3.688949291681751087e-04,-3.906308181310792597e-03,7.324491602185279060e-02,-7.353459351810449629e-01,1.481455842212856255e-01,2.949617565777755690e-01,8.831790398744483461e-01,8.504775909531827466e-03,-1.200775405837443688e-01,5.094445766959525279e-02,-7.330543058650128563e-01,-1.294389620903209082e-01,-3.079404595966406255e-01,8.815030870192140933e-01,-7.324825239813281298e-03,-1.290575499625409017e-01,-4.565115947304705657e-02
-9.923509412953804287e-02,-3.211744480753624727e-03,7.177266080112658653e-01,9.891316686050233287e-01,-2.090236695491967837e-07,1.470324527531092218e-01,-5.775626385985508612e-08,-8.720477480462515141e-01,3.925209012429411448e-01,2.995292654518583175e-01,7.603092059905940392e-01,-1.072007585043898148e-01,-6.548124886693612590e-02,-8.523480075170775105e-01,-4.479751539167851626e-01,-4.193154767256951354e-01,7.837574551446430116e-01,-1.227951723571536896e-01,2.209082279212508382e-02,6.718348310571963184e-04,-4.258090133726417058e-03,6.598880700100963337e-02,-6.833690247775048299e-01,1.360169045835732948e-01,2.893859942523039908e-01,8.221472407104848390e-01,9.046332839112112070e-03,-1.625816981312580289e-01,4.717566296656156705e-02,-6.807530029491142276e-01,-1.164010885229731784e-01,-3.019625280086467023e-01,8.207447707038738605e-01,-7.588620305253795245e-03,-1.721696556156852576e-01,-4.190108390121137505e-02
-9.735832573122578382e-02,-3.379214333369563034e-03,7.310518395661710356e-01,9.911111076971547140e-01,-2.044842190446180893e-07,1.330367325187771788e-01,-6.790212532681934949e-08,-7.829004479500019098e-01,3.761353376527404868e-01,3.206949236640121992e-01,6.610470847854512666e-01,-6.668108891249918679e-02,-6.780663660966679274e-02,-7.656818637250816240e-01,-4.261939699975537121e-01,-4.416496776489517440e-01,6.873900659623649601e-01,-8.359356467685480352e-02,2.540134525015558947e-02,9.368604658018355510e-04,-4.608571265814201054e-03,5.471866514238172413e-02,-6.337013863418216042e-01,1.250729563748964046e-01,2.838589324440269901e-01,7.673052436034983881e-01,9.606020808218387885e-03,-2.015839483855910164e-01,4.300944186361159438e-02,-6.307672480884826127e-01,-1.045305904252800677e-01,-2.960416239829948837e-01,7.661874259147862798e-01,-7.963009317382606367e-03,-2.117667910008010912e-01,-3.782908994710693085e-02
-9.436402112136704767e-02,-3.526381903488704297e-03,7.424929602200178724e-01,9.927679090489391900e-01,-2.002431061513516479e-07,1.200494846409228822e-01,-7.728762656546256282e-08,-6.976793074414584517e-01,3.596271375018704752e-01,3.398731320065405126e-01,5.650783090645532525e-01,-2.817289545024039346e-02,-7.085864693298984940e-02,-6.835303597763078276e-01,-4.046932919282257290e-01,-4.614407608850479847e-01,5.950399934379787537e-01,-4.669639446024979879e-02,2.950836147257998587e-02,1.133852611530356816e-03,-4.919246675104771080e-03,3.876971303614275277e-02,-5.866768535492474790e-01,1.153120021419763164e-01,2.784063944820525105e-01,7.192827508821678650e-01,1.023135061847018148e-02,-2.358452331948885095e-01,3.863541364975992681e-02,-5.834677998348143380e-01,-9.390145712287374657e-02,-2.901973361384821426e-01,7.184477010493890425e-01,-8.514244918936934164e-03,-2.465555527560847893e-01,-3.357834765862914572e-02
-9.046850243075130193e-02,-3.628437444333751632e-03,7.519587331525522389e-01,9.941202925064942519e-01,-1.963763102446613348e-07,1.082813189186231928e-01,-8.576790312680998708e-08,-6.180740935099813260e-01,3.434959112791912128e-01,3.568798644817432475e-01,4.745786877908793056e-01,7.481011958230214878e-03,-7.442185102701785737e-02,-6.075367860264817566e-01,-3.842246397668122038e-01,-4.785137640146638338e-01,5.090336792215862660e-01,-1.300788994655764988e-02,3.423071648175683712e-02,1.227023862030708146e-03,-5.131067324756751445e-03,1.828624207499463666e-02,-5.429160948315601143e-01,1.067487630177644670e-01,2.730973918347374130e-01,6.781911183532947085e-01,1.096809992259614036e-02,-2.642482503208509748e-01,3.429597628247171848e-02,-5.395282566263828183e-01,-8.464374641222606466e-02,-2.844870720170515344e-01,6.776113322190646659e-01,-9.291817921419438103e-03,-2.753363031890426194e-01,-2.931700740343843800e-02
-8.603159630265731772e-02,-3.649388263765042731e-03,7.594573712869983062e-01,9.951957600575666030e-01,-1.929481815080477245e-07,9.790505177669062142e-02,-9.322612861707496836e-08,-5.459363193448136808e-01,3.282839456386464905e-01,3.715651349563905970e-01,3.919727280410624792e-01,3.943634623928826688e-02,-7.817922321398673713e-02,-5.394459237373445681e-01,-3.656009072774649149e-01,-4.927545558348829791e-01,4.318349959706418439e-01,1.663402306349533177e-02,3.930037125206536225e-02,1.175492510668039959e-03,-5.156309112133346424e-03,-5.672653285581290977e-03,-5.033396465194767133e-01,9.939514990299266883e-02,2.680634485703198289e-01,6.437515864029317303e-01,1.183281423506918686e-02,-2.860469227078695775e-01,3.027913190616761743e-02,-4.999452560964620096e-01,-7.694409506763999484e-02,-2.790253114004305202e-01,6.433637962854348302e-01,-1.029573303169007727e-02,-2.972466719313482941e-01,-2.521616031758994181e-02
-8.152962138971497907e-02,-3.552047062119145348e-03,7.651098034631512723e-01,9.960273537446434622e-01,-1.900080999672207334e-07,8.904779948093523301e-02,-9.957845561259651781e-08,-4.831277599622512131e-01,3.145330505179938507e-01,3.838252675465531061e-01,3.196852663002363037e-01,6.695335076515285255e-02,-8.173978767233955334e-02,-4.809038889963608288e-01,-3.495734319244157562e-01,-5.041480367357046299e-01,3.656584547096575766e-01,4.162231709959880732e-02,4.436544522011179326e-02,9.518303029264613396e-04,-4.904346723613619945e-03,-3.107500081730421929e-02,-4.691029247486926956e-01,9.325059357775387914e-02,2.635018077598456077e-01,6.154227067341794255e-01,1.278361929735642721e-02,-3.011432783628238963e-01,2.687438905095195299e-02,-4.659513751594787645e-01,-7.099609639891706070e-02,-2.739992858015862232e-01,6.151301691079511524e-01,-1.143705717120216056e-02,-3.120753513260577372e-01,-2.143184817786861207e-02
-7.744853754267887191e-02,-3.319898164812331263e-03,7.691445536357054413e-01,9.966501375835995491e-01,-1.875872392325306256e-07,8.178327001622079373e-02,-1.047788535832697305e-07,-4.311945096117517084e-01,3.027315367077207942e-01,3.936235468984518038e-01,2.597488534046285547e-01,8.948670407063277765e-02,-8.473780274148687286e-02,-4.331014261817670574e-01,-3.366594809803157284e-01,-5.128186651952204578e-01,3.119669564280244667e-01,6.170165354141570607e-02,4.904425162358576340e-02,5.676656964784329443e-04,-4.335526191630189284e-03,-5.532228074959444353e-02,-4.412385040101327038e-01,8.828244906473495246e-02,2.596264378930973615e-01,5.926167001431278392e-01,1.372542370749136632e-02,-3.102803561537079702e-01,2.428998392834691433e-02,-4.386109022870514629e-01,-6.687650926878511981e-02,-2.696353353813191189e-01,5.923106898692465094e-01,-1.255313984437327057e-02,-3.205251631944225910e-01,-1.809250481352650541e-02
-7.414027860603418507e-02,-2.984194861754405157e-03,7.718653106472513903e-01,9.970983414168687053e-01,-1.856954947755339315e-07,7.612422442089811225e-02,-1.088239355883229443e-07,-3.909300693808916982e-01,2.932435781678858211e-01,4.010253813438218740e-01,2.132733721569410046e-01,1.068076915060844345e-01,-8.696636772954102756e-02,-3.964102173683622943e-01,-3.269885141625422098e-01,-5.190513297521607283e-01,2.710712343484150688e-01,7.698952199688166576e-02,5.300545393602268396e-02,9.140565174516376140e-05,-3.526134993957087856e-03,-7.604274420960818737e-02,-4.201895462219536470e-01,8.443310621420183071e-02,2.565855547009106008e-01,5.748787103106252072e-01,1.455212450268982341e-02,-3.149184739195427518e-01,2.256367132420899688e-02,-4.182976696627422886e-01,-6.441236444339709655e-02,-2.661242425990746341e-01,5.744767371178354232e-01,-1.348184528569093890e-02,-3.241668050552065639e-01,-1.530524051439360184e-02
-7.174077812064244553e-02,-2.623778155139232845e-03,7.735923955873531543e-01,9.974035446006762617e-01,-1.843186214479284124e-07,7.201506243807960506e-02,-1.117578669234239942e-07,-3.621017179756323978e-01,2.862305489065136155e-01,4.062237026232027315e-01,1.800772479278551497e-01,1.191061292358330942e-01,-8.843455870020189291e-02,-3.702890706173437851e-01,-3.203019093862712885e-01,-5.232471774535281117e-01,2.421525079211386267e-01,8.787799117911146429e-02,5.603797682796270857e-02,-3.719661561557677286e-04,-2.665167086143688940e-03,-9.180810454643199836e-02,-4.055956592829496610e-01,8.163607710436124321e-02,2.544072489823159255e-01,5.618884601213700591e-01,1.519177865107722118e-02,-3.167614115599233782e-01,2.155275263989966245e-02,-4.044834707546002828e-01,-6.318064129768040382e-02,-2.635502406145834864e-01,5.613618827825660462e-01,-1.414082596625770155e-02,-3.249506759937271783e-01,-1.315764065311617048e-02
-7.020048830185672550e-02,-2.324487525375588601e-03,7.746067366227538109e-01,9.975941637894868430e-01,-1.834156063663729637e-07,6.932448610057038996e-02,-1.136774312791434081e-07,-3.435420680927406822e-01,2.816059069659505032e-01,4.095242988667229245e-01,1.587871495869677685e-01,1.269611409482357955e-01,-8.929428531234030741e-02,-3.534966735300032470e-01,-3.161137800080610627e-01,-5.258338567328552093e-01,2.236457331603749210e-01,9.491735649999880065e-02,5.808398071153117459e-02,-7.324774451450805600e-04,-1.954445665611463049e-03,-1.023190347950227175e-01,-3.964882023430761349e-01,7.980126519977240318e-02,2.530117811592528798e-01,5.532904962887427169e-01,1.562190165602408802e-02,-3.172391663014315633e-01,2.103014020654028413e-02,-3.960192534886493587e-01,-6.267992667518854089e-02,-2.618720250705955932e-01,5.526572815312551512e-01,-1.454232793870456793e-02,-3.245583375618285582e-01,-1.168893237038246165e-02
-6.936715557122334619e-02,-2.136791168652132488e-03,7.751276953300350048e-01,9.976963355608265971e-01,-1.829162789571932589e-07,6.783820463759290820e-02,-1.147372948755464037e-07,-3.334306149276977660e-01,2.790493242413101260e-01,4.113057124447240809e-01,1.472299675865837154e-01,1.312145488688596928e-01,-8.972894913673638839e-02,-3.443395845022707014e-01,-3.138692562342877412e-01,-5.272080867608712751e-01,2.135775131963034701e-01,9.877967942495066711e-02,5.922993940558898135e-02,-9.498781048230722345e-04,-1.510497707938415974e-03,-1.081501798122227742e-01,-3.916426405507562603e-01,7.878894989872971266e-02,2.522552647944638071e-01,5.485009089906408564e-01,1.586133523428891884e-02,-3.172528996466352780e-01,2.079290066147587018e-02,-3.915758853676510887e-01,-6.251551546107345092e-02,-2.609529288219693544e-01,5.478019698245689684e-01,-1.474762222267960582e-02,-3.240310400838348759e-01,-1.085700107856612390e-02
-6.904253516265185242e-02,-2.058874471807691908e-03,7.753257656716756596e-01,9.977360445848064696e-01,-1.827191260024101962e-07,6.725165675445128610e-02,-1.151554610882112346e-07,-3.294726198214824597e-01,2.780424192449864051e-01,4.119991342929272271e-01,1.427167953374308962e-01,1.328734916443954361e-01,-8.989288345301252314e-02,-3.407492096685314498e-01,-3.129957670983232743e-01,-5.277405596774049634e-01,2.096325276776753177e-01,1.003002669987244216e-01,5.968384651080989312e-02,-1.038454008987629287e-03,-1.326531465652343008e-03,-1.104510142951803803e-01,-3.897711166078942635e-01,7.839141033240028256e-02,2.519598305658753978e-01,5.466019884319504030e-01,1.595573985194410210e-02,-3.172091626141023690e-01,2.070874377592311563e-02,-3.898711627983845185e-01,-6.247201146248110293e-02,-2.605926437499078707e-01,5.458761765218358430e-01,-1.482472541405581261e-02,-3.237636573602157286e-01,-1.052570789882238157e-02
-6.899554003640932798e-02,-2.050234526886223624e-03,7.753617384861100081e-01,9.977420345838534654e-01,-1.826892310436720590e-07,6.716273091846412802e-02,-1.152188538559846863e-07,-3.288844489060349652e-01,2.778965919962135267e-01,4.120997309855971014e-01,1.420531763681062154e-01,1.331179780645001809e-01,-8.991979186110977962e-02,-3.402048898213150263e-01,-3.128561160767300842e-01,-5.278241935684380159e-01,2.090305655580670385e-01,1.005313117365196351e-01,5.974577256518583818e-02,-1.048508090996258784e-03,-1.305947926608716416e-03,-1.107693206819130027e-01,-3.894967601667382873e-01,7.833872188584152518e-02,2.519161885948925650e-01,5.463130574825161290e-01,1.596627611702497104e-02,-3.172219066211190430e-01,2.069014211012593085e-02,-3.896156001697849702e-01,-6.245823750853519984e-02,-2.605410927704889801e-01,5.455842897335936303e-01,-1.483342282645797559e-02,-3.237512623312902016e-01,-1.047955177556413216e-02
-6.898902401753041758e-02,-2.050407586915926634e-03,7.753619937430616949e-01,9.977420345838534654e-01,-1.826892310436720590e-07,6.716273091846412802e-02,-1.152188538559846863e-07,-3.288879438708547376e-01,2.779030971362957403e-01,4.120965427496283695e-01,1.420840335245556751e-01,1.330928058245015866e-01,-8.992491661873322495e-02,-3.402042542735807529e-01,-3.128615972097778530e-01,-5.278217367685695827e-01,2.090533459420578499e-01,1.005107695781561478e-01,5.975146769422825382e-02,-1.048391242003164333e-03,-1.306396795868459927e-03,-1.107686793414747323e-01,-3.894968688098235932e-01,7.833901037664463274e-02,2.519162119788135867e-01,5.463130686002156677e-01,1.596627576744671928e-02,-3.172218659042694844e-01,2.069014115879303992e-02,-3.896154377368163946e-01,-6.245787091787303319e-02,-2.605410670604313972e-01,5.455843758137943755e-01,-1.483342291945745524e-02,-3.237511966319726597e-01,-1.047955069969817334e-02
-6.894604302210055602e-02,-2.051545267079134954e-03,7.753636727813590923e-01,9.977420345838534654e-01,-1.826892310436720590e-07,6.716273091846412802e-02,-1.152188538559846863e-07,-3.289109939523454096e-01,2.779459989972947742e-01,4.120755144589168806e-01,1.422875640518298790e-01,1.329267676924696939e-01,-8.995871545197665908e-02,-3.402000678193777827e-01,-3.128977603520589623e-01,-5.278055267059637012e-01,2.092036194512268688e-01,1.003752685666521177e-01,5.978903938907623172e-02,-1.047623092530178312e-03,-1.309347623268622245e-03,-1.107644588639407485e-01,-3.894975847384742895e-01,7.834090708456936669e-02,2.519163657758624053e-01,5.463131415879433073e-01,1.596627345439712020e-02,-3.172215980695183291e-01,2.069013492315166861e-02,-3.896143716427063475e-01,-6.245546120758319053e-02,-2.605408981031171467e-01,5.455849416074537439e-01,-1.483342351812245996e-02,-3.237507645562497927e-01,-1.047954364480981580e-02
-6.883711692771035673e-02,-2.054398509970910801e-03,7.753678915019978080e-01,9.977420345838534654e-01,-1.826892310436720590e-07,6.716273091846412802e-02,-1.152188538559846863e-07,-3.289693822747948304e-01,2.780546670305028556e-01,4.120222381976666459e-01,1.428032926160765492e-01,1.325060046316343110e-01,-9.004433159831161382e-02,-3.401895025153415797e-01,-3.129894736321930937e-01,-5.277644108625098029e-01,2.095845279278812090e-01,1.000318650692325340e-01,5.988429914377409180e-02,-1.045696649313660170e-03,-1.316748173071448629e-03,-1.107538405315684760e-01,-3.894993933615678028e-01,7.834566541365289849e-02,2.519167520507225033e-01,5.463133239015445231e-01,1.596626753907048196e-02,-3.172209250647550771e-01,2.069011942399606729e-02,-3.896117110863597244e-01,-6.244941945774357128e-02,-2.605404748100243473e-01,5.455863599269138442e-01,-1.483342492260220080e-02,-3.237496795772626945e-01,-1.047952608660547395e-02
-6.863983343889448752e-02,-2.059488030355756914e-03,7.753754109301130848e-01,9.977420345838534654e-01,-1.826892310436720590e-07,6.716273091846412802e-02,-1.152188538559846863e-07,-3.290746993990327773e-01,2.782511706862151324e-01,4.119258770498692712e-01,1.437363362388207333e-01,1.317444375813343338e-01,-9.019929070232074464e-02,-3.401704316045838228e-01,-3.131557218994002190e-01,-5.276898659530129265e-01,2.102744740394340839e-01,9.940996224003192938e-02,6.005694119995209912e-02,-1.042259722971508205e-03,-1.329949098966449810e-03,-1.107350167800861818e-01,-3.895025364685515967e-01,7.835413814426706036e-02,2.519174376002006333e-01,5.463136597017752560e-01,1.596625762585316896e-02,-3.172197254848985182e-01,2.069009080354213687e-02,-3.896068820922650722e-01,-6.243862763689076584e-02,-2.605397167677733772e-01,5.455889007391867551e-01,-1.483342803178160779e-02,-3.237477450784742028e-01,-1.047949380331894727e-02
-6.833836023028144746e-02,-2.066944224137071996e-03,7.753865773223770352e-01,9.977420345838534654e-01,-1.826892310436720590e-07,6.716273091846412802e-02,-1.152188538559846863e-07,-3.292354347017400484e-01,2.785508804087510337e-01,4.117787839416633955e-01,1.451615733738168823e-01,1.305807947852626327e-01,-9.043565656888882809e-02,-3.401415015579917211e-01,-3.134103222267193845e-01,-5.275756643583954242e-01,2.113289919813837736e-01,9.845985528351021421e-02,6.032120585526461881e-02,-1.037223967876764073e-03,-1.349290674184605663e-03,-1.107070661656946453e-01,-3.895071371652690240e-01,7.836652873030018618e-02,2.519184421011169128e-01,5.463141759149838794e-01,1.596624279718757491e-02,-3.172179392055375913e-01,2.069004846162141378e-02,-3.895998029320133504e-01,-6.242279938273616324e-02,-2.605386055279758084e-01,5.455926497129377495e-01,-1.483343254084876044e-02,-3.237448806425755610e-01,-1.047944609775660306e-02
-6.792280096470831863e-02,-2.076691442797022440e-03,7.754013379753985635e-01,9.977420345838534654e-01,-1.826892310436720590e-07,6.716273091846412802e-02,-1.152188538559846863e-07,-3.294560530262834463e-01,2.789627894070661474e-01,4.115764286958731866e-01,1.471238002848210824e-01,1.289777666888526908e-01,-9.076076036633726196e-02,-3.401020986765623810e-01,-3.137622515872803830e-01,-5.274177233489766303e-01,2.127831371436423036e-01,9.715047676391580511e-02,6.068622054063142757e-02,-1.030639759092858744e-03,-1.374577770721716139e-03,-1.106702165095548307e-01,-3.895130786093319308e-01,7.838268981131119029e-02,2.519197525019242767e-01,5.463148857085614596e-01,1.596622361222614639e-02,-3.172155734855093834e-01,2.068999184913567629e-02,-3.895904750295370866e-01,-6.240207602942706572e-02,-2.605371497220847488e-01,5.455975887555579718e-01,-1.483343887064605612e-02,-3.237411036371120043e-01,-1.047938251397301408e-02
-6.738871493811392221e-02,-2.088216752600589865e-03,7.754192136011937020e-01,9.977420345838534654e-01,-1.826892310436720590e-07,6.716273091846412802e-02,-1.152188538559846863e-07,-3.297387722309513824e-01,2.794903141957756354e-01,4.113168841786420948e-01,1.496434563898254300e-01,1.269181669554454162e-01,-9.117725658161714153e-02,-3.400523411707642718e-01,-3.142164082718034712e-01,-5.272137571784408783e-01,2.146531273655725713e-01,9.546813100566259314e-02,6.115674904689925862e-02,-1.022852352523434365e-03,-1.404483086413399646e-03,-1.106256453348886393e-01,-3.895200625697041730e-01,7.840173172323014472e-02,2.519213010375176420e-01,5.463157962607795293e-01,1.596620032092006120e-02,-3.172126962471952805e-01,2.068992338854092408e-02,-3.895794025608092515e-01,-6.237751697168652382e-02,-2.605354256171354965e-01,5.456035067583410170e-01,-1.483344640592895898e-02,-3.237365535704516684e-01,-1.047930591198150720e-02
-6.673648339383293770e-02,-2.101031883260094570e-03,7.754394227849625842e-01,9.977420345838534654e-01,-1.826892310436720590e-07,6.716273091846412802e-02,-1.152188538559846863e-07,-3.300810747148572588e-01,2.801313247454730315e-01,4.110010475529335405e-01,1.527132356402011726e-01,1.244061439404377523e-01,-9.168420971008284237e-02,-3.399927593107817669e-01,-3.147733858466231771e-01,-5.269633986155726202e-01,2.169382031201722572e-01,9.341425845507415893e-02,6.173314307111604088e-02,-1.014191318896905851e-03,-1.437737961365900428e-03,-1.105755501340045105e-01,-3.895276189565315961e-01,7.842281931800622330e-02,2.519230148855422513e-01,5.463168877388390188e-01,1.596617527638221484e-02,-3.172094357229197081e-01,2.068984403824512125e-02,-3.895668808788712023e-01,-6.235013522383897611e-02,-2.605334998255870449e-01,5.456101711907526131e-01,-1.483345615029569090e-02,-3.237314299542611851e-01,-1.047921749877270617e-02
-6.597088932016929863e-02,-2.114242134326660590e-03,7.754608596709272605e-01,9.977420345838534654e-01,-1.826892310436720590e-07,6.716273091846412802e-02,-1.152188538559846863e-07,-3.304794101094506997e-01,2.808794669681226042e-01,4.106317445963047486e-01,1.563079737125425139e-01,1.214610920455427290e-01,-9.227684672613811756e-02,-3.399244829497038989e-01,-3.154305678517020928e-01,-5.266676922840625164e-01,2.196224181393548192e-01,9.100435256790029293e-02,6.241230746118542339e-02,-1.005260585968982111e-03,-1.472023195748255317e-03,-1.105227413008018633e-01,-3.895351768007528359e-01,7.844442980142798949e-02,2.519247731938029644e-01,5.463181365511806664e-01,1.596614989481699720e-02,-3.172059628747226911e-01,2.068975811038184509e-02,-3.895537398842793819e-01,-6.232180128236105426e-02,-2.605315044193979857e-01,5.456171733257838552e-01,-1.483346755667492439e-02,-3.237260313442438253e-01,-1.047912228984197898e-02
-6.510053558933200091e-02,-2.126939439930378151e-03,7.754822472269519151e-01,9.977420345838534654e-01,-1.826892310436720590e-07,6.716273091846412802e-02,-1.152188538559846863e-07,-3.309275643027472791e-01,2.817244371761721822e-01,4.102137843333144573e-01,1.603830339335329536e-01,1.181179478042920367e-01,-9.294751563520613213e-02,-3.398489765296137666e-01,-3.161819816622967183e-01,-5.263291811530471653e-01,2.226764201047708447e-01,8.826589247620834910e-02,6.318769622179638834e-02,-9.966740518919090831e-04,-1.504981809244078719e-03,-1.104705006307833276e-01,-3.895421371545789713e-01,7.846503646976395185e-02,2.519264522113178750e-01,5.463194964142783494e-01,1.596612610357476397e-02,-3.172024818093486798e-01,2.068967016138694229e-02,-3.895408034033056022e-01,-6.229442885952104353e-02,-2.605295731838050410e-01,5.456240730081539647e-01,-1.483348031522134167e-02,-3.237206931339055016e-01,-1.047902549183386128e-02
-6.413734284050738588e-02,-2.138227643175121592e-03,7.755022372268295383e-01,9.977420345838534654e-01,-1.826892310436720590e-07,6.716273091846412802e-02,-1.152188538559846863e-07,-3.314175186176722132e-01,2.826527672333194463e-01,4.097535681791894535e-01,1.648780560079114166e-01,1.144245230004969083e-01,-9.368609819497730751e-02,-3.397679374951159126e-01,-3.170186776815007157e-01,-5.259517466309621136e-01,2.260591290208598114e-01,8.523677782771703348e-02,6.404973155005141972e-02,-9.890383779654679779e-04,-1.534285931231321037e-03,-1.104222579519197472e-01,-3.895479418752475498e-01,7.848315173239694964e-02,2.519279309773004294e-01,5.463209026821900238e-01,1.596610575948304717e-02,-3.171992116340385248e-01,2.068958530584361424e-02,-3.895289180577205523e-01,-6.226992357133455391e-02,-2.605278396809593833e-01,5.456304150890306515e-01,-1.483349392985035091e-02,-3.237157650405407261e-01,-1.047893284916083696e-02
-6.309603434934668575e-02,-2.147312092906950975e-03,7.755195274852334508e-01,9.977420345838534654e-01,-1.826892310436720590e-07,6.716273091846412802e-02,-1.152188538559846863e-07,-3.319398873383717641e-01,2.836485238481161186e-01,4.092587744473703548e-01,1.697197920479881494e-01,1.104393446128602158e-01,-9.448051543364931193e-02,-3.396831710539057747e-01,-3.179290188218513169e-01,-5.255404927291301709e-01,2.297194437800695599e-01,8.196367185295801161e-02,6.498614667261934374e-02,-9.828923260930442444e-04,-1.557869432816784720e-03,-1.103812840761890651e-01,-3.895521381935469485e-01,7.849748007662424309e-02,2.519291037155906854e-01,5.463222745667900559e-01,1.596609044185011081e-02,-3.171963682032464260e-01,2.068950885057722552e-02,-3.895188775387147806e-01,-6.224999623666817999e-02,-2.605264242785688689e-01,5.456357705810668257e-01,-1.483350771490335104e-02,-3.237115798670501809e-01,-1.047885021492532369e-02
-6.199361744375801037e-02,-2.153573304950786183e-03,7.755329737517466793e-01,9.977420345838534654e-01,-1.826892310436720590e-07,6.716273091846412802e-02,-1.152188538559846863e-07,-3.324843742143666625e-01,2.846939929774263689e-01,4.087380432428958099e-01,1.748249905953859207e-01,1.062294563329788943e-01,-9.531721236773497974e-02,-3.395964786178152228e-01,-3.188990025663573369e-01,-5.251016158165168202e-01,2.335979817448703422e-01,7.850033942713750823e-02,6.598235235506801077e-02,-9.786566730767434861e-04,-1.574119627369934774e-03,-1.103504026369053204e-01,-3.895544269118935143e-01,7.850704060627762548e-02,2.519298898535528575e-01,5.463235201855138889e-01,1.596608128364499987e-02,-3.171941459634247673e-01,2.068944589392146885e-02,-3.895113553344438095e-01,-6.223600649191508155e-02,-2.605254232463176667e-01,5.456397741322466244e-01,-1.483352081918732322e-02,-3.237084244339583083e-01,-1.047878310100729300e-02
-6.084885800835061753e-02,-2.156617581039574523e-03,7.755416867344033793e-01,9.977420345838534654e-01,-1.826892310436720590e-07,6.716273091846412802e-02,-1.152188538559846863e-07,-3.330402299037721336e-01,2.857703332394052609e-01,4.082006671887795646e-01,1.801032968616564367e-01,1.018681900824503633e-01,-9.618161514904316478e-02,-3.395095685889185644e-01,-3.199126330984435329e-01,-5.246422505416317161e-01,2.376288762924179399e-01,7.490597040152077724e-02,6.702184029094276907e-02,-9.765995832345078682e-04,-1.582009480216628721e-03,-1.103317466271345609e-01,-3.895546883864291487e-01,7.851124691794364452e-02,2.519302406604960187e-01,5.463245443748407926e-01,1.596607886173379703e-02,-3.171927013515739580e-01,2.068940091284188210e-02,-3.895068511892447183e-01,-6.222885142506792699e-02,-2.605249009250947823e-01,5.456421545653126204e-01,-1.483353228270055738e-02,-3.237065152228906229e-01,-1.047873623409238848e-02
-5.968174548188188294e-02,-2.156301236760238375e-03,7.755451062309899335e-01,9.977420345838534654e-01,-1.826892310436720590e-07,6.716273091846412802e-02,-1.152188538559846863e-07,-3.335966893468846339e-01,2.868581863242585794e-01,4.076562929992298412e-01,1.854601292567136794e-01,9.743292342835126185e-02,-9.705855868944188170e-02,-3.394239946367427208e-01,-3.209523530912506972e-01,-5.241702860534888098e-01,2.417416486763364902e-01,7.124348014721092193e-02,6.808663090672968654e-02,-9.768198113844822530e-04,-1.581161444586231309e-03,-1.103265804531364802e-01,-3.895529842205080473e-01,7.850993919861239123e-02,2.519301420553158866e-01,5.463252585879302403e-01,1.596608315851165763e-02,-3.171921391339611040e-01,2.068937736657825571e-02,-3.895056544904365037e-01,-6.222890673493817332e-02,-2.605248854811673120e-01,5.456427561676816529e-01,-1.483354112557005999e-02,-3.237059807023728863e-01,-1.047871314733138728e-02
-5.851294685751760871e-02,-2.152728813676209763e-03,7.755430464692262271e-01,9.977420345838534654e-01,-1.826892310436720590e-07,6.716273091846412802e-02,-1.152188538559846863e-07,-3.341433684052072528e-01,2.879382376544541433e-01,4.071146378038280611e-01,1.907994908111460275e-01,9.300284300127578674e-02,-9.793268732488329131e-02,-3.393411222773131120e-01,-3.219995362774782377e-01,-5.236941506733336915e-01,2.458631595279205662e-01,6.757778248582690939e-02,6.915776721744712474e-02,-9.792475870562093471e-04,-1.571843685906830100e-03,-1.103352015212611947e-01,-3.895495364961817919e-01,7.850337042272680088e-02,2.519296136873176994e-01,5.463255916380270749e-01,1.596609359676053747e-02,-3.171925028936535274e-01,2.068937735104811257e-02,-3.895078258742000199e-01,-6.223602074082853347e-02,-2.605253682721471176e-01,5.456415494584008208e-01,-1.483354646157070654e-02,-3.237068516025331522e-01,-1.047871584034144009e-02
-5.736324939306881865e-02,-2.146228697676103980e-03,7.755357092808825570e-01,9.977420345838534654e-01,-1.826892310436720590e-07,6.716273091846412802e-02,-1.152188538559846863e-07,-3.346706028104609598e-01,2.889917260892602147e-01,4.065852225373472462e-01,1.960266797294243912e-01,8.865673419946630551e-02,-9.878883446050026884e-02,-3.392621202937183833e-01,-3.230350343902211874e-01,-5.232225669642303068e-01,2.499196339831089575e-01,6.397403433621047519e-02,7.021585120385419321e-02,-9.836609370630227962e-04,-1.554907401045076609e-03,-1.103569276023101814e-01,-3.895446896715690221e-01,7.849215415647195493e-02,2.519287048518723537e-01,5.463254996870725577e-01,1.596610913874059803e-02,-3.171937705864553148e-01,2.068940134172144937e-02,-3.895131968904330111e-01,-6.224955561545193056e-02,-2.605263064557771235e-01,5.456386311551367774e-01,-1.483354762150046989e-02,-3.237090596573318213e-01,-1.047874454204150013e-02
-5.625299287091385658e-02,-2.137311542223426127e-03,7.755236644369962740e-01,9.977420345838534654e-01,-1.826892310436720590e-07,6.716273091846412802e-02,-1.152188538559846863e-07,-3.351697188166586350e-01,2.900009064565755579e-01,4.060771229230042412e-01,2.010508747508593652e-01,8.447081389430498299e-02,-9.961238893190965671e-02,-3.391879701889433663e-01,-3.240397666095503615e-01,-5.227642821500999570e-01,2.538387449642444116e-01,6.049585557358596460e-02,7.124161540465555331e-02,-9.897138175465212875e-04,-1.531679144452842466e-03,-1.103901683326062727e-01,-3.895388624155566859e-01,7.847718497551110783e-02,2.519274881010524214e-01,5.463249738030112601e-01,1.596612843125411185e-02,-3.171958556936648188e-01,2.068944806205274059e-02,-3.895213866193657504e-01,-6.226846621875434945e-02,-2.605276282122733211e-01,5.456342139183605333e-01,-1.483354426641630627e-02,-3.237124446167902181e-01,-1.047879760939870834e-02
-5.520149317786784970e-02,-2.126617704850619628e-03,7.755077991379857316e-01,9.977420345838534654e-01,-1.826892310436720590e-07,6.716273091846412802e-02,-1.152188538559846863e-07,-3.356332327410372351e-01,2.909494725468464438e-01,4.055987368688828698e-01,2.057875859103294458e-01,8.051661656730460526e-02,-1.003896559938426830e-01,-3.391194850353806967e-01,-3.249953368206237592e-01,-5.223277807139932172e-01,2.575517332143464899e-01,5.720353087869075454e-02,7.221652027446683053e-02,-9.969718307515755291e-04,-1.503824262341079375e-03,-1.104325720220477591e-01,-3.895324973443309302e-01,7.845954367323765277e-02,2.519260515276624535e-01,5.463240436495293562e-01,1.596614997246340387e-02,-3.171986140317986647e-01,2.068951450809041262e-02,-3.895318335474294846e-01,-6.229140504166569281e-02,-2.605292398323225123e-01,5.456286071245908254e-01,-1.483353646893986050e-02,-3.237167686999659066e-01,-1.047887158862742182e-02
-5.422645961012597521e-02,-2.114859706672452509e-03,7.754892410937542779e-01,9.977420345838534654e-01,-1.826892310436720590e-07,6.716273091846412802e-02,-1.152188538559846863e-07,-3.360549845394325552e-01,2.918229506814677410e-01,4.051575656668692793e-01,2.101609770956527345e-01,7.685893666769841315e-02,-1.011082197239612235e-01,-3.390573289909536991e-01,-3.258846637269955382e-01,-5.219209866877996262e-01,2.609955410114755958e-01,5.415220212090285368e-02,7.312336723639274727e-02,-1.004951402706196102e-03,-1.473197096192166954e-03,-1.104812330771972467e-01,-3.895260158769043302e-01,7.844039858748927396e-02,2.519244906563657405e-01,5.463227763925886382e-01,1.596617227479103091e-02,-3.172018557734144761e-01,2.068959614676107311e-02,-3.895438405502336110e-01,-6.231684172531293947e-02,-2.605310339200644365e-01,5.456221904250307952e-01,-1.483352474354938944e-02,-3.237217371418508183e-01,-1.047896145263236059e-02
-5.334340861136001311e-02,-2.102764833550427488e-03,7.754692616871008415e-01,9.977420345838534654e-01,-1.826892310436720590e-07,6.716273091846412802e-02,-1.152188538559846863e-07,-3.364302176251964815e-01,2.926090751446737692e-01,4.047600053266534603e-01,2.141060812730136431e-01,7.355382229962618978e-02,-1.017573117213801254e-01,-3.390020301972175298e-01,-3.266926106282566078e-01,-5.215509627935689396e-01,2.641149388205363824e-01,5.139005986371240897e-02,7.394691789873847343e-02,-1.013158888897725072e-03,-1.441691351115456090e-03,-1.105329411972911513e-01,-3.895197835181826718e-01,7.842091213537266681e-02,2.519229007116001728e-01,5.463212706185825995e-01,1.596619400157592641e-02,-3.172053617384498758e-01,2.068968728615874081e-02,-3.895566302860744567e-01,-6.234318682667078920e-02,-2.605328980313622589e-01,5.456153822114259144e-01,-1.483351001399231366e-02,-3.237270230961146744e-01,-1.047906100992162387e-02
-5.256506215549305167e-02,-2.091094334746621854e-03,7.754491867923536397e-01,9.977420345838534654e-01,-1.826892310436720590e-07,6.716273091846412802e-02,-1.152188538559846863e-07,-3.367552129377694992e-01,2.932980923580378874e-01,4.044112148223933390e-01,2.175700666753009327e-01,7.064709686320844173e-02,-1.023282948742941234e-01,-3.389538757289946580e-01,-3.274064584107255760e-01,-5.212236876938098895e-01,2.668644785156686905e-01,4.895653173340949738e-02,7.467442431112093770e-02,-1.021078502202452283e-03,-1.411290117451411818e-03,-1.105844689306093864e-01,-3.895140836714316435e-01,7.840228243668544150e-02,2.519213771939176061e-01,5.463196426631767855e-01,1.596621450782676616e-02,-3.172089028220004270e-01,2.068978079359765770e-02,-3.895692892669467278e-01,-6.236875866544530633e-02,-2.605347110194506377e-01,5.456086338517179835e-01,-1.483349394532426126e-02,-3.237322847129924797e-01,-1.047916265544973115e-02
-5.190082653362074888e-02,-2.080281434378795317e-03,7.754301993368148960e-01,9.977420345838534654e-01,-1.826892310436720590e-07,6.716273091846412802e-02,-1.152188538559846863e-07,-3.370291129273381703e-01,2.938834198641535611e-01,4.041146014317418267e-01,2.205181693226325457e-01,6.817028167282344897e-02,-1.028145893828815993e-01,-3.389133738414893404e-01,-3.280171481378348353e-01,-5.209434359147222526e-01,2.692112422639232339e-01,4.688052323321352521e-02,7.529661361311605627e-02,-1.028414281151097042e-03,-1.383120476063808219e-03,-1.106327608895238679e-01,-3.895091336152740058e-01,7.838513973644883892e-02,2.519199784541915066e-01,5.463180264067111214e-01,1.596623190963566627e-02,-3.172122593220804143e-01,2.068987226091146756e-02,-3.895813518209088055e-01,-6.239255622662371464e-02,-2.605364036983591203e-01,5.456022703392940931e-01,-1.483347692523707614e-02,-3.237372372038571644e-01,-1.047926151736044281e-02
-5.135610248773357644e-02,-2.070913311418960678e-03,7.754133769271146503e-01,9.977420345838534654e-01,-1.826892310436720590e-07,6.716273091846412802e-02,-1.152188538559846863e-07,-3.372509752936853067e-01,2.943615536911468600e-01,4.038721368556202895e-01,2.229294550957005294e-01,6.614219542218557901e-02,-1.032128321180600661e-01,-3.388804338987848608e-01,-3.285187985961026680e-01,-5.207130459179266646e-01,2.711357419530109891e-01,4.517859644843813527e-02,7.580766227944303604e-02,-1.034769485233966993e-03,-1.358714835392269915e-03,-1.106753148723619712e-01,-3.895050409183224427e-01,7.837037829129385458e-02,2.519187735322730992e-01,5.463165360901764966e-01,1.596624642629683802e-02,-3.172152427916984374e-01,2.068995469413509661e-02,-3.895920009137060491e-01,-6.241325476009897816e-02,-2.605378788101270771e-01,5.455966659719978518e-01,-1.483346094405616107e-02,-3.237416043760591999e-01,-1.047935039337406955e-02
-5.093178936467189499e-02,-2.063314555813140858e-03,7.753994954237418691e-01,9.977420345838534654e-01,-1.826892310436720590e-07,6.716273091846412802e-02,-1.152188538559846863e-07,-3.374220629648406189e-01,2.947328365589522159e-01,4.036837551640974908e-01,2.248037236289356644e-01,6.456436133830863178e-02,-1.035227131361342867e-01,-3.388549252577602311e-01,-3.289100564537502103e-01,-5.205332455848411533e-01,2.726347764750914893e-01,4.385323673503889463e-02,7.620623316740490760e-02,-1.039924054075481736e-03,-1.338918649619977091e-03,-1.107102884148673805e-01,-3.895018470184678505e-01,7.835846293023392140e-02,2.519178006346768917e-01,5.463152695801698489e-01,1.596625783894249639e-02,-3.172177110720185156e-01,2.069002360466810214e-02,-3.896007661125922006e-01,-6.243009575939210271e-02,-2.605390808212335041e-01,5.455920617620203528e-01,-1.483344719101784698e-02,-3.237451956077330162e-01,-1.047942454541008796e-02
-5.062369233698919835e-02,-2.057636369302558860e-03,7.753889907879157883e-01,9.977420345838534654e-01,-1.826892310436720590e-07,6.716273091846412802e-02,-1.152188538559846863e-07,-3.375453346010129363e-01,2.950017967992774603e-01,4.035472363367640924e-01,2.261624369344401586e-01,6.341975869319992076e-02,-1.037475459083312679e-01,-3.388364754050525729e-01,-3.291944127602996484e-01,-5.204025116217879665e-01,2.737231876079226911e-01,4.289108337899143197e-02,7.649590109603957022e-02,-1.043775598187980311e-03,-1.324125790817740067e-03,-1.107366782451312814e-01,-3.894995307024491926e-01,7.834959162615630357e-02,2.519170761257480406e-01,5.463142909169891315e-01,1.596626616419321437e-02,-3.172195825361316945e-01,2.069007624412991589e-02,-3.896073872054005571e-01,-6.244270925695934171e-02,-2.605399820944350187e-01,5.455885886088323034e-01,-1.483343647430671736e-02,-3.237479065310563953e-01,-1.047948110552961165e-02
-5.042196553260193392e-02,-2.053827239527924661e-03,7.753819150154245277e-01,9.977420345838534654e-01,-1.826892310436720590e-07,6.716273091846412802e-02,-1.152188538559846863e-07,-3.376257076193052153e-01,2.951776278335807024e-01,4.034579548953741712e-01,2.270512698740396740e-01,6.267069045956379092e-02,-1.038946522598036271e-01,-3.388244446021650425e-01,-3.293807484051491374e-01,-5.203168144641561188e-01,2.744358313733999966e-01,4.226120625794367591e-02,7.668570604920212086e-02,-1.046359215168404973e-03,-1.314202633498417344e-03,-1.107543931175245383e-01,-3.894980260551157425e-01,7.834365393169975822e-02,2.519165920431404859e-01,5.463136226138554097e-01,1.596627145144801849e-02,-3.172208439176321670e-01,2.069011220385881880e-02,-3.896118783196099722e-01,-6.245118325699850620e-02,-2.605405885668881649e-01,5.455862471183594575e-01,-1.483342894712998995e-02,-3.237497309361418441e-01,-1.047951968835394293e-02
-5.031052046377629955e-02,-2.051707838750024999e-03,7.753779452004282424e-01,9.977420345838534654e-01,-1.826892310436720590e-07,6.716273091846412802e-02,-1.152188538559846863e-07,-3.376698832163515518e-01,2.952746489503064176e-01,4.034086896982491677e-01,2.275417934535592379e-01,6.225712813114391703e-02,-1.039759073923888916e-01,-3.388177718070499167e-01,-3.294836962449012585e-01,-5.202694615437305492e-01,2.748294479091452636e-01,4.191328994990239920e-02,7.679059136742463765e-02,-1.047796564907313779e-03,-1.308681151737001776e-03,-1.107643579092688069e-01,-3.894971701259776764e-01,7.834035137439672447e-02,2.519163218296452955e-01,5.463132479037636768e-01,1.596627461209885329e-02,-3.172215522898584328e-01,2.069013206974930352e-02,-3.896143585978736334e-01,-6.245589867877644058e-02,-2.605409254541190545e-01,5.455849412497669748e-01,-1.483342491231382648e-02,-3.237507527442380906e-01,-1.047954101495172756e-02
-5.026654131517124813e-02,-2.050867136527221874e-03,7.753763651488182473e-01,9.977420345838534654e-01,-1.826892310436720590e-07,6.716273091846412802e-02,-1.152188538559846863e-07,-3.376872944941893828e-01,2.953129209146335699e-01,4.033892539207101779e-01,2.277353161592031439e-01,6.209395014546583574e-02,-1.040079684852655006e-01,-3.388151474584135681e-01,-3.295243332000928893e-01,-5.202507674595285847e-01,2.749847935067297744e-01,4.177599051533720936e-02,7.683198931630692841e-02,-1.048366746858979404e-03,-1.306490891530022328e-03,-1.107683153885887090e-01,-3.894968386166756669e-01,7.833904367947520930e-02,2.519162149599822875e-01,5.463130972061108759e-01,1.596627581915422214e-02,-3.172218344395407175e-01,2.069014005877491819e-02,-3.896153505271269801e-01,-6.245777132689373651e-02,-2.605410593955977960e-01,5.455844211345124428e-01,-1.483342325750428362e-02,-3.237511592527141380e-01,-1.047954958140025206e-02
-5.025982644781010200e-02,-2.050658686747953551e-03,7.753759596857521252e-01,9.977420345838534654e-01,-1.826892310436720590e-07,6.716273091846412802e-02,-1.152188538559846863e-07,-3.376896116904725131e-01,2.953185438117537642e-01,4.033864214330945552e-01,2.277641089233410909e-01,6.206940726147441856e-02,-1.040127790708410410e-01,-3.388147941188782708e-01,-3.295306953096271974e-01,-5.202478347183860929e-01,2.750085302277423538e-01,4.175513206138307259e-02,7.683843627291374323e-02,-1.048508090996258784e-03,-1.305947926608716416e-03,-1.107693206819130027e-01,-3.894967601667382873e-01,7.833872188584152518e-02,2.519161885948925650e-01,5.463130574825161290e-01,1.596627611702497104e-02,-3.172219066211190430e-01,2.069014211012593085e-02,-3.896156001697849702e-01,-6.245823750853519984e-02,-2.605410927704889801e-01,5.455842897335936303e-01,-1.483342282645797559e-02,-3.237512623312902016e-01,-1.047955177556413216e-02
